Protocollo;Gruppo;DataOraIncidente;Localizzazione1;STRADA1;Localizzazione2;STRADA2;Strada02;Chilometrica;DaSpecificare;NaturaIncidente;particolaritastrade;TipoStrada;FondoStradale;Pavimentazione;Segnaletica;CondizioneAtmosferica;Traffico;Visibilita;Illuminazione;NUM_FERITI;NUM_RISERVATA;NUM_MORTI;NUM_ILLESI;Longitudine;Latitudine;Confermato;Progressivo;TipoVeicolo;StatoVeicolo;TipoPersona;Sesso;Tipolesione;Deceduto;DecedutoDopo;CinturaCascoUtilizzato;Airbag
3378624;8;01/07/2017 18:20;Statale entro l'abitato;VIA CASILINA;in prossimità;;del civico n.;1583 A;;Tamponamento Multiplo;Rettilineo;Due carreggiate;Asciutto;Asfaltata;Verticale ed orizzontale;Sereno;Intenso;Buona;Ore Diurne;0;0;0;3;12,63399;41,86356;-1;1;Autovettura privata;In marcia / fermata / arresto;Conducente;F;Illeso;0;;Non accertato;Inesploso
3378624;8;01/07/2017 18:20;Statale entro l'abitato;VIA CASILINA;in prossimità;;del civico n.;1583 A;;Tamponamento Multiplo;Rettilineo;Due carreggiate;Asciutto;Asfaltata;Verticale ed orizzontale;Sereno;Intenso;Buona;Ore Diurne;0;0;0;3;12,63399;41,86356;-1;2;Autovettura privata;In marcia / fermata / arresto;Conducente;M;Illeso;0;;Non accertato;Inesploso
3378624;8;01/07/2017 18:20;Statale entro l'abitato;VIA CASILINA;in prossimità;;del civico n.;1583 A;;Tamponamento Multiplo;Rettilineo;Due carreggiate;Asciutto;Asfaltata;Verticale ed orizzontale;Sereno;Intenso;Buona;Ore Diurne;0;0;0;3;12,63399;41,86356;-1;3;Autovettura privata;In marcia / fermata / arresto;Conducente;F;Illeso;0;;Non accertato;Inesploso
3378625;8;01/07/2017 08:00;Strada Urbana;VIA POLENSE;da specificare;;;;alt. fermata bus n. 74809;Investimento di pedone;Rettilineo;Una carreggiata a doppio senso;Asciutto;Asfaltata;Verticale ed orizzontale;Nuvoloso;Normale;Buona;Ore Diurne;1;0;0;1;12,70311;41,8955;-1;;;;Pedone;F;Rimandato;0;NON DECEDUTO;;
3378625;8;01/07/2017 08:00;Strada Urbana;VIA POLENSE;da specificare;;;;alt. fermata bus n. 74809;Investimento di pedone;Rettilineo;Una carreggiata a doppio senso;Asciutto;Asfaltata;Verticale ed orizzontale;Nuvoloso;Normale;Buona;Ore Diurne;1;0;0;1;12,70311;41,8955;-1;1;Autocarro inferiore 35 q.;In marcia / fermata / arresto;Conducente;M;Illeso;0;;Non accertato;Inesploso
3378633;8;01/07/2017 00:30;Strada Urbana;VIALE DEI ROMANISTI;all'intersezione con;VIA DI TORRE SPACCATA;VIA DI TORRE SPACCATA;;;Scontro frontale/laterale DX fra veicoli in marcia;Incrocio;Due carreggiate;Bagnato (pioggia);Asfaltata;Verticale ed orizzontale;Pioggia in atto;Normale;Buona;Sufficiente;2;0;0;1;12,5774;41,86752;-1;1;Autovettura privata;In marcia / fermata / arresto;Conducente;M;Rimandato;0;NON DECEDUTO;Non accertato;Inesploso
3378633;8;01/07/2017 00:30;Strada Urbana;VIALE DEI ROMANISTI;all'intersezione con;VIA DI TORRE SPACCATA;VIA DI TORRE SPACCATA;;;Scontro frontale/laterale DX fra veicoli in marcia;Incrocio;Due carreggiate;Bagnato (pioggia);Asfaltata;Verticale ed orizzontale;Pioggia in atto;Normale;Buona;Sufficiente;2;0;0;1;12,5774;41,86752;-1;1;Autovettura privata;In marcia / fermata / arresto;Passeggero;M;Rimandato;0;NON DECEDUTO;Non accertato;Inesploso
3378633;8;01/07/2017 00:30;Strada Urbana;VIALE DEI ROMANISTI;all'intersezione con;VIA DI TORRE SPACCATA;VIA DI TORRE SPACCATA;;;Scontro frontale/laterale DX fra veicoli in marcia;Incrocio;Due carreggiate;Bagnato (pioggia);Asfaltata;Verticale ed orizzontale;Pioggia in atto;Normale;Buona;Sufficiente;2;0;0;1;12,5774;41,86752;-1;2;Autovettura privata;In marcia / fermata / arresto;Conducente;M;Illeso;0;;Non accertato;Inesploso
3378634;5;01/07/2017 20:15;Strada Urbana;VIA CASAL TIDEI;in corrispondenza;;del civico n.;69;;Investimento di pedone;Rettilineo;Una carreggiata a doppio senso;Asciutto;Asfaltata;Verticale ed orizzontale;Sereno;Scarso;Sufficiente;Sufficiente;1;0;0;2;12,57861;41,94161;-1;;;;Pedone;M;Rimandato;0;NON DECEDUTO;;
3378634;5;01/07/2017 20:15;Strada Urbana;VIA CASAL TIDEI;in corrispondenza;;del civico n.;69;;Investimento di pedone;Rettilineo;Una carreggiata a doppio senso;Asciutto;Asfaltata;Verticale ed orizzontale;Sereno;Scarso;Sufficiente;Sufficiente;1;0;0;2;12,57861;41,94161;-1;1;Autovettura privata;In marcia / fermata / arresto;Conducente;F;Illeso;0;;Non accertato;Inesploso
3378634;5;01/07/2017 20:15;Strada Urbana;VIA CASAL TIDEI;in corrispondenza;;del civico n.;69;;Investimento di pedone;Rettilineo;Una carreggiata a doppio senso;Asciutto;Asfaltata;Verticale ed orizzontale;Sereno;Scarso;Sufficiente;Sufficiente;1;0;0;2;12,57861;41,94161;-1;1;Autovettura privata;In marcia / fermata / arresto;Passeggero;F;Illeso;0;;Non accertato;Inesploso
3378635;8;02/07/2017 04:10;Statale entro l'abitato;VIA CASILINA;all'intersezione con;VIA DEI COLOMBI;VIA DEI COLOMBI;;;Veicolo in marcia contro veicoli in sosta;Intersezione semaforizzata;Una carreggiata a doppio senso;Asciutto;Asfaltata;Verticale ed orizzontale;Sereno;Scarso;Buona;Ore Diurne;1;0;0;0;12,59277;41,86729;-1;1;Autovettura privata;In marcia / fermata / arresto;Conducente;M;Rimandato;0;NON DECEDUTO;Non accertato;Inesploso
3378637;8;02/07/2017 18:50;Strada Urbana;VIA ERCOLE MARELLI;all'intersezione con;VIA DEL TORRACCIO;VIA DEL TORRACCIO;;;Scontro laterale fra veicoli in marcia;Intersezione stradale segnalata;Una carreggiata a senso unico di marcia;Asciutto;Asfaltata;Assente;Sereno;Normale;Buona;Ore Diurne;1;0;0;1;12,64474;41,85829;-1;1;Velocipede;In marcia / fermata / arresto;Conducente;F;Rimandato;0;NON DECEDUTO;Esente;
3378637;8;02/07/2017 18:50;Strada Urbana;VIA ERCOLE MARELLI;all'intersezione con;VIA DEL TORRACCIO;VIA DEL TORRACCIO;;;Scontro laterale fra veicoli in marcia;Intersezione stradale segnalata;Una carreggiata a senso unico di marcia;Asciutto;Asfaltata;Assente;Sereno;Normale;Buona;Ore Diurne;1;0;0;1;12,64474;41,85829;-1;2;Autovettura privata;In marcia / fermata / arresto;Conducente;F;Illeso;0;;Non accertato;Inesploso
3378639;8;01/07/2017 19:00;Statale entro l'abitato;VIA CASILINA;in prossimità;;del civico n.;1765;;Scontro laterale fra veicoli in marcia;Rettilineo;Una carreggiata a doppio senso;Asciutto;Asfaltata;Verticale ed orizzontale;Sereno;Normale;Buona;Ore Diurne;1;0;0;1;12,67029;41,86403;-1;1;Motociclo con passeggero;In marcia / fermata / arresto;Conducente;M;Rimandato;0;NON DECEDUTO;Non accertato;
3378639;8;01/07/2017 19:00;Statale entro l'abitato;VIA CASILINA;in prossimità;;del civico n.;1765;;Scontro laterale fra veicoli in marcia;Rettilineo;Una carreggiata a doppio senso;Asciutto;Asfaltata;Verticale ed orizzontale;Sereno;Normale;Buona;Ore Diurne;1;0;0;1;12,67029;41,86403;-1;2;Autovettura privata;In marcia / fermata / arresto;Conducente;F;Illeso;0;;Non accertato;Inesploso
3378643;8;01/07/2017 10:20;Strada Urbana;VIA CASILINA;da specificare;;;;alt. pali Acea 824/825;Scontro laterale fra veicoli in marcia;Rettilineo;Una carreggiata a doppio senso;Asciutto;Asfaltata;Orizzontale;Nuvoloso;Normale;Buona;Ore Diurne;0;0;0;3;12,62775;41,86417;-1;1;Motociclo a solo;In marcia / fermata / arresto;Conducente;M;Illeso;0;;Non accertato;
3378643;8;01/07/2017 10:20;Strada Urbana;VIA CASILINA;da specificare;;;;alt. pali Acea 824/825;Scontro laterale fra veicoli in marcia;Rettilineo;Una carreggiata a doppio senso;Asciutto;Asfaltata;Orizzontale;Nuvoloso;Normale;Buona;Ore Diurne;0;0;0;3;12,62775;41,86417;-1;2;Autovettura privata;In marcia / fermata / arresto;Conducente;F;Illeso;0;;Non accertato;Inesploso
3378643;8;01/07/2017 10:20;Strada Urbana;VIA CASILINA;da specificare;;;;alt. pali Acea 824/825;Scontro laterale fra veicoli in marcia;Rettilineo;Una carreggiata a doppio senso;Asciutto;Asfaltata;Orizzontale;Nuvoloso;Normale;Buona;Ore Diurne;0;0;0;3;12,62775;41,86417;-1;2;Autovettura privata;In marcia / fermata / arresto;Passeggero;F;Illeso;0;;Non accertato;Inesploso
3378644;18;01/07/2017 12:00;Strada Urbana;VIA PESSINETTO;in corrispondenza;;del civico n.;74;;Veicolo in marcia contro veicoli in sosta;Rettilineo;Una carreggiata a doppio senso;Asciutto;Strada pavimentata dissestata;Assente;Sereno;Scarso;Buona;Ore Diurne;0;0;0;2;12,38765;41,92548;-1;1;Autovettura privata;In marcia / fermata / arresto;Conducente;M;Illeso;0;;Non accertato;
3378644;18;01/07/2017 12:00;Strada Urbana;VIA PESSINETTO;in corrispondenza;;del civico n.;74;;Veicolo in marcia contro veicoli in sosta;Rettilineo;Una carreggiata a doppio senso;Asciutto;Strada pavimentata dissestata;Assente;Sereno;Scarso;Buona;Ore Diurne;0;0;0;2;12,38765;41,92548;-1;1;Autovettura privata;In marcia / fermata / arresto;Passeggero;M;Illeso;0;;Non accertato;
3378647;8;01/07/2017 05:45;Statale entro l'abitato;VIA CASILINA;all'intersezione con;VIA SICULIANA;VIA SICULIANA;;;Scontro frontale/laterale DX fra veicoli in marcia;Incrocio;Una carreggiata a doppio senso;Bagnato (umidità in atto);Asfaltata;Verticale ed orizzontale;Nuvoloso;Normale;Sufficiente;Sufficiente;1;0;0;1;12,62775;41,86417;-1;1;Autovettura privata;In marcia / fermata / arresto;Conducente;M;Illeso;0;;Non accertato;Inesploso
3378647;8;01/07/2017 05:45;Statale entro l'abitato;VIA CASILINA;all'intersezione con;VIA SICULIANA;VIA SICULIANA;;;Scontro frontale/laterale DX fra veicoli in marcia;Incrocio;Una carreggiata a doppio senso;Bagnato (umidità in atto);Asfaltata;Verticale ed orizzontale;Nuvoloso;Normale;Sufficiente;Sufficiente;1;0;0;1;12,62775;41,86417;-1;2;Motociclo a solo;In marcia / fermata / arresto;Conducente;M;Rimandato;0;NON DECEDUTO;Non accertato;
3378649;8;02/07/2017 15:30;Strada Urbana;VIA CASILINA;in prossimità;;del civico n.;1890;;Fuoriuscita dalla sede stradale;Rettilineo;Una carreggiata a doppio senso;Asciutto;Asfaltata;Verticale ed orizzontale;Sereno;Scarso;Buona;Ore Diurne;1;0;0;1;12,69066;41,86331;-1;;;;Pedone;M;Rimandato;0;NON DECEDUTO;;
3378649;8;02/07/2017 15:30;Strada Urbana;VIA CASILINA;in prossimità;;del civico n.;1890;;Fuoriuscita dalla sede stradale;Rettilineo;Una carreggiata a doppio senso;Asciutto;Asfaltata;Verticale ed orizzontale;Sereno;Scarso;Buona;Ore Diurne;1;0;0;1;12,69066;41,86331;-1;1;Autovettura privata;In marcia / fermata / arresto;Conducente;M;Illeso;0;;Non accertato;Inesploso
3378652;18;01/07/2017 11:40;Strada Urbana;VIA DI BOCCEA;in corrispondenza;;del civico n.;496;;Tamponamento Multiplo;Rettilineo;Una carreggiata a doppio senso;Asciutto;Asfaltata;Verticale ed orizzontale;Sereno;Normale;Buona;Ore Diurne;2;0;0;3;12,38651;41,9146;-1;1;Autovettura privata;In marcia / fermata / arresto;Conducente;M;Illeso;0;;Non accertato;Inesploso
3378652;18;01/07/2017 11:40;Strada Urbana;VIA DI BOCCEA;in corrispondenza;;del civico n.;496;;Tamponamento Multiplo;Rettilineo;Una carreggiata a doppio senso;Asciutto;Asfaltata;Verticale ed orizzontale;Sereno;Normale;Buona;Ore Diurne;2;0;0;3;12,38651;41,9146;-1;1;Autovettura privata;In marcia / fermata / arresto;Passeggero;M;Illeso;0;;Non accertato;Inesploso
3378652;18;01/07/2017 11:40;Strada Urbana;VIA DI BOCCEA;in corrispondenza;;del civico n.;496;;Tamponamento Multiplo;Rettilineo;Una carreggiata a doppio senso;Asciutto;Asfaltata;Verticale ed orizzontale;Sereno;Normale;Buona;Ore Diurne;2;0;0;3;12,38651;41,9146;-1;2;Autovettura privata;In marcia / fermata / arresto;Conducente;M;Rifiuta cure immediate;0;NON DECEDUTO;Utilizzato;Inesploso
3378652;18;01/07/2017 11:40;Strada Urbana;VIA DI BOCCEA;in corrispondenza;;del civico n.;496;;Tamponamento Multiplo;Rettilineo;Una carreggiata a doppio senso;Asciutto;Asfaltata;Verticale ed orizzontale;Sereno;Normale;Buona;Ore Diurne;2;0;0;3;12,38651;41,9146;-1;2;Autovettura privata;In marcia / fermata / arresto;Passeggero;F;Rimandato;0;NON DECEDUTO;Utilizzato;Inesploso
3378652;18;01/07/2017 11:40;Strada Urbana;VIA DI BOCCEA;in corrispondenza;;del civico n.;496;;Tamponamento Multiplo;Rettilineo;Una carreggiata a doppio senso;Asciutto;Asfaltata;Verticale ed orizzontale;Sereno;Normale;Buona;Ore Diurne;2;0;0;3;12,38651;41,9146;-1;3;Autovettura privata;In marcia / fermata / arresto;Conducente;M;Illeso;0;;Utilizzato;Inesploso
3378653;8;02/07/2017 21:35;Strada Urbana;VIA DI TOR BELLA MONACA;da specificare;;;;dopo cavalcavia GRA dir. Casilina;Veicolo in marcia contro ostacolo accidentale;Rettilineo;Due carreggiate;Asciutto;Asfaltata;Verticale ed orizzontale;Sereno;Scarso;Sufficiente;Sufficiente;0;0;0;1;12,62375;41,87848;-1;1;Autovettura privata;In marcia / fermata / arresto;Conducente;M;Illeso;0;;Non accertato;Inesploso
3378654;4;01/07/2017 16:20;Comunale extraurbana;VIA DI VALLE RICCA;da specificare;;;;in prossimità di Via Salaria;Tamponamento;Rettilineo;Una carreggiata a senso unico alternato;Asciutto;Asfaltata;Verticale;Sereno;Normale;Buona;Ore Diurne;0;0;0;2;12,59057;42,04045;-1;1;Autovettura privata;In marcia / fermata / arresto;Conducente;F;Illeso;0;;;
3378654;4;01/07/2017 16:20;Comunale extraurbana;VIA DI VALLE RICCA;da specificare;;;;in prossimità di Via Salaria;Tamponamento;Rettilineo;Una carreggiata a senso unico alternato;Asciutto;Asfaltata;Verticale;Sereno;Normale;Buona;Ore Diurne;0;0;0;2;12,59057;42,04045;-1;2;Autovettura privata;In marcia / fermata / arresto;Conducente;M;Illeso;0;;;
3378659;8;02/07/2017 19:30;Strada Urbana;VIA CASILINA;da specificare;;;;pross. GRA;Scontro laterale fra veicoli in marcia;Rettilineo;Una carreggiata a senso unico di marcia;Asciutto;Asfaltata;Orizzontale;Sereno;Normale;Buona;Ore Diurne;0;0;0;6;12,62713;41,86324;-1;1;Autovettura privata;In marcia / fermata / arresto;Conducente;F;Illeso;0;;Non accertato;Inesploso
3378659;8;02/07/2017 19:30;Strada Urbana;VIA CASILINA;da specificare;;;;pross. GRA;Scontro laterale fra veicoli in marcia;Rettilineo;Una carreggiata a senso unico di marcia;Asciutto;Asfaltata;Orizzontale;Sereno;Normale;Buona;Ore Diurne;0;0;0;6;12,62713;41,86324;-1;1;Autovettura privata;In marcia / fermata / arresto;Passeggero;M;Illeso;0;;Non accertato;Inesploso
3378659;8;02/07/2017 19:30;Strada Urbana;VIA CASILINA;da specificare;;;;pross. GRA;Scontro laterale fra veicoli in marcia;Rettilineo;Una carreggiata a senso unico di marcia;Asciutto;Asfaltata;Orizzontale;Sereno;Normale;Buona;Ore Diurne;0;0;0;6;12,62713;41,86324;-1;2;Autovettura privata;In marcia / fermata / arresto;Conducente;M;Illeso;0;;Non accertato;Inesploso
3378659;8;02/07/2017 19:30;Strada Urbana;VIA CASILINA;da specificare;;;;pross. GRA;Scontro laterale fra veicoli in marcia;Rettilineo;Una carreggiata a senso unico di marcia;Asciutto;Asfaltata;Orizzontale;Sereno;Normale;Buona;Ore Diurne;0;0;0;6;12,62713;41,86324;-1;2;Autovettura privata;In marcia / fermata / arresto;Passeggero;M;Illeso;0;;Non accertato;Inesploso
3378659;8;02/07/2017 19:30;Strada Urbana;VIA CASILINA;da specificare;;;;pross. GRA;Scontro laterale fra veicoli in marcia;Rettilineo;Una carreggiata a senso unico di marcia;Asciutto;Asfaltata;Orizzontale;Sereno;Normale;Buona;Ore Diurne;0;0;0;6;12,62713;41,86324;-1;2;Autovettura privata;In marcia / fermata / arresto;Passeggero;M;Illeso;0;;Non accertato;Inesploso
3378659;8;02/07/2017 19:30;Strada Urbana;VIA CASILINA;da specificare;;;;pross. GRA;Scontro laterale fra veicoli in marcia;Rettilineo;Una carreggiata a senso unico di marcia;Asciutto;Asfaltata;Orizzontale;Sereno;Normale;Buona;Ore Diurne;0;0;0;6;12,62713;41,86324;-1;2;Autovettura privata;In marcia / fermata / arresto;Passeggero;M;Illeso;0;;Non accertato;Inesploso
3378662;7;02/07/2017 02:45;Strada Urbana;VIALE PALMIRO TOGLIATTI;in corrispondenza;;del civico n.;758;;Investimento di pedone;Rettilineo;Una carreggiata a doppio senso;Asciutto;Asfaltata;Verticale ed orizzontale;Sereno;Scarso;Sufficiente;Sufficiente;1;0;0;1;12,57349;41,88336;-1;;;;Pedone;M;Rimandato;0;NON DECEDUTO;;
3378662;7;02/07/2017 02:45;Strada Urbana;VIALE PALMIRO TOGLIATTI;in corrispondenza;;del civico n.;758;;Investimento di pedone;Rettilineo;Una carreggiata a doppio senso;Asciutto;Asfaltata;Verticale ed orizzontale;Sereno;Scarso;Sufficiente;Sufficiente;1;0;0;1;12,57349;41,88336;-1;1;Autovettura privata;In marcia / fermata / arresto;Conducente;M;Illeso;0;;Non accertato;Inesploso
3378665;8;02/07/2017 16:20;Strada Urbana;PIAZZA LORENZO NOTTOLINI;all'intersezione con;VIA GUSTAVO COLONNETTI;VIA GUSTAVO COLONNETTI;;;Scontro laterale fra veicoli in marcia;Rotatoria;Due carreggiate;Asciutto;Asfaltata;Verticale ed orizzontale;Sereno;Scarso;Buona;Ore Diurne;1;0;0;2;12,65203;41,91228;-1;1;Motociclo con passeggero;In marcia / fermata / arresto;Conducente;M;Rifiuta cure immediate;0;NON DECEDUTO;Non accertato;
3378665;8;02/07/2017 16:20;Strada Urbana;PIAZZA LORENZO NOTTOLINI;all'intersezione con;VIA GUSTAVO COLONNETTI;VIA GUSTAVO COLONNETTI;;;Scontro laterale fra veicoli in marcia;Rotatoria;Due carreggiate;Asciutto;Asfaltata;Verticale ed orizzontale;Sereno;Scarso;Buona;Ore Diurne;1;0;0;2;12,65203;41,91228;-1;1;Motociclo con passeggero;In marcia / fermata / arresto;Passeggero;F;Illeso;0;;Non accertato;
3378665;8;02/07/2017 16:20;Strada Urbana;PIAZZA LORENZO NOTTOLINI;all'intersezione con;VIA GUSTAVO COLONNETTI;VIA GUSTAVO COLONNETTI;;;Scontro laterale fra veicoli in marcia;Rotatoria;Due carreggiate;Asciutto;Asfaltata;Verticale ed orizzontale;Sereno;Scarso;Buona;Ore Diurne;1;0;0;2;12,65203;41,91228;-1;2;Autovettura privata;In marcia / fermata / arresto;Conducente;F;Illeso;0;;Non accertato;Inesploso
3378668;8;03/07/2017 01:00;Strada Urbana;VIA CASILINA;in corrispondenza;;del civico n.;1752;;Fuoriuscita dalla sede stradale;Rettilineo;Una carreggiata a doppio senso;Asciutto;Asfaltata;Verticale ed orizzontale;Sereno;Scarso;Sufficiente;Sufficiente;1;0;0;0;12,66782;41,86412;-1;1;Motociclo a solo;In marcia / fermata / arresto;Conducente;M;Rimandato;0;NON DECEDUTO;Non accertato;
3378671;17;02/07/2017 18:45;Strada Urbana;VIA TOMMASO CAMPANELLA;da specificare;;;;fronte civico 70;Fuoriuscita dalla sede stradale;Rettilineo;Una carreggiata a senso unico di marcia;Asciutto;Asfaltata;Verticale ed orizzontale;Sereno;Scarso;Buona;Ore Diurne;0;0;0;1;12,45176;41,91062;-1;1;Autovettura privata;In marcia / fermata / arresto;Conducente;M;Illeso;0;;;
3378685;13;01/07/2017 16:20;Strada Urbana;VIA DEI NAVICELLARI;in corrispondenza;;del civico n.;13;;Veicolo in marcia contro veicolo in sosta;Rettilineo;Una carreggiata a senso unico di marcia;Asciutto;Asfaltata;Verticale ed orizzontale;Sereno;Scarso;Buona;Ore Diurne;0;0;0;1;12,28154;41,72948;-1;2;Autovettura privata;In marcia / fermata / arresto;Conducente;M;Illeso;0;;Non accertato;Inesploso
3378692;13;01/07/2017 10:15;Strada Urbana;VIA UMBERTO LILLONI;all'intersezione con;VIA AMEDEO BOCCHI;VIA AMEDEO BOCCHI;;;Scontro laterale fra veicoli in marcia;Incrocio;Una carreggiata a senso unico di marcia;Asciutto;Asfaltata;Verticale ed orizzontale;Sereno;Scarso;Buona;Ore Diurne;0;0;0;4;12,34617;41,77539;-1;1;Autovettura privata;In marcia / fermata / arresto;Conducente;M;Illeso;0;;Non accertato;Inesploso
3378692;13;01/07/2017 10:15;Strada Urbana;VIA UMBERTO LILLONI;all'intersezione con;VIA AMEDEO BOCCHI;VIA AMEDEO BOCCHI;;;Scontro laterale fra veicoli in marcia;Incrocio;Una carreggiata a senso unico di marcia;Asciutto;Asfaltata;Verticale ed orizzontale;Sereno;Scarso;Buona;Ore Diurne;0;0;0;4;12,34617;41,77539;-1;2;Autovettura privata;In marcia / fermata / arresto;Conducente;F;Illeso;0;;Non accertato;Inesploso
3378692;13;01/07/2017 10:15;Strada Urbana;VIA UMBERTO LILLONI;all'intersezione con;VIA AMEDEO BOCCHI;VIA AMEDEO BOCCHI;;;Scontro laterale fra veicoli in marcia;Incrocio;Una carreggiata a senso unico di marcia;Asciutto;Asfaltata;Verticale ed orizzontale;Sereno;Scarso;Buona;Ore Diurne;0;0;0;4;12,34617;41,77539;-1;2;Autovettura privata;In marcia / fermata / arresto;Passeggero;F;Illeso;0;;Non accertato;Inesploso
3378692;13;01/07/2017 10:15;Strada Urbana;VIA UMBERTO LILLONI;all'intersezione con;VIA AMEDEO BOCCHI;VIA AMEDEO BOCCHI;;;Scontro laterale fra veicoli in marcia;Incrocio;Una carreggiata a senso unico di marcia;Asciutto;Asfaltata;Verticale ed orizzontale;Sereno;Scarso;Buona;Ore Diurne;0;0;0;4;12,34617;41,77539;-1;2;Autovettura privata;In marcia / fermata / arresto;Passeggero;F;Illeso;0;;Non accertato;Inesploso
3378706;17;02/07/2017 19:35;Strada Urbana;PIAZZALE CLODIO;in prossimità;;del civico n.;14;;Tamponamento;Rettilineo;Due carreggiate;Asciutto;Asfaltata;Orizzontale;Sereno;Scarso;Buona;Ore Diurne;0;0;0;2;12,45443;41,91607;-1;1;Autovettura privata;In marcia / fermata / arresto;Conducente;F;Illeso;0;;;
3378706;17;02/07/2017 19:35;Strada Urbana;PIAZZALE CLODIO;in prossimità;;del civico n.;14;;Tamponamento;Rettilineo;Due carreggiate;Asciutto;Asfaltata;Orizzontale;Sereno;Scarso;Buona;Ore Diurne;0;0;0;2;12,45443;41,91607;-1;2;Autovettura privata;In marcia / fermata / arresto;Conducente;F;Illeso;0;;;
3378730;4;01/07/2017 21:30;Strada Urbana;PIAZZA GIUSEPPE PRIMOLI;all'intersezione con;VIA ARTURO GRAF;VIA ARTURO GRAF;;;Veicolo in marcia contro veicolo arresto;Intersezione semaforizzata;Due carreggiate;Asciutto;Asfaltata;Assente;Sereno;Normale;Sufficiente;Sufficiente;1;0;0;0;12,55293;41,94507;-1;1;Motociclo a solo;In marcia / fermata / arresto;Conducente;F;Rifiuta cure immediate;0;NON DECEDUTO;Non accertato;
3378732;7;01/07/2017 22:40;Strada Urbana;LARGO AUGUSTO CORELLI;all'intersezione con;VIA DELLA RUSTICA;VIA DELLA RUSTICA;;;Scontro frontale/laterale DX fra veicoli in marcia;Incrocio;Una carreggiata a doppio senso;Asciutto;Asfaltata;Verticale ed orizzontale;Sereno;Normale;Buona;Sufficiente;1;0;0;5;12,60941;41,91463;-1;1;Motociclo a solo;In marcia / fermata / arresto;Conducente;M;Rifiuta cure immediate;0;NON DECEDUTO;Utilizzato;
3378732;7;01/07/2017 22:40;Strada Urbana;LARGO AUGUSTO CORELLI;all'intersezione con;VIA DELLA RUSTICA;VIA DELLA RUSTICA;;;Scontro frontale/laterale DX fra veicoli in marcia;Incrocio;Una carreggiata a doppio senso;Asciutto;Asfaltata;Verticale ed orizzontale;Sereno;Normale;Buona;Sufficiente;1;0;0;5;12,60941;41,91463;-1;2;Autocarro inferiore 35 q.;In marcia / fermata / arresto;Conducente;M;Illeso;0;;Non accertato;Inesploso
3378732;7;01/07/2017 22:40;Strada Urbana;LARGO AUGUSTO CORELLI;all'intersezione con;VIA DELLA RUSTICA;VIA DELLA RUSTICA;;;Scontro frontale/laterale DX fra veicoli in marcia;Incrocio;Una carreggiata a doppio senso;Asciutto;Asfaltata;Verticale ed orizzontale;Sereno;Normale;Buona;Sufficiente;1;0;0;5;12,60941;41,91463;-1;2;Autocarro inferiore 35 q.;In marcia / fermata / arresto;Passeggero;M;Illeso;0;;Non accertato;Inesploso
3378732;7;01/07/2017 22:40;Strada Urbana;LARGO AUGUSTO CORELLI;all'intersezione con;VIA DELLA RUSTICA;VIA DELLA RUSTICA;;;Scontro frontale/laterale DX fra veicoli in marcia;Incrocio;Una carreggiata a doppio senso;Asciutto;Asfaltata;Verticale ed orizzontale;Sereno;Normale;Buona;Sufficiente;1;0;0;5;12,60941;41,91463;-1;2;Autocarro inferiore 35 q.;In marcia / fermata / arresto;Passeggero;M;Illeso;0;;Non accertato;Inesploso
3378732;7;01/07/2017 22:40;Strada Urbana;LARGO AUGUSTO CORELLI;all'intersezione con;VIA DELLA RUSTICA;VIA DELLA RUSTICA;;;Scontro frontale/laterale DX fra veicoli in marcia;Incrocio;Una carreggiata a doppio senso;Asciutto;Asfaltata;Verticale ed orizzontale;Sereno;Normale;Buona;Sufficiente;1;0;0;5;12,60941;41,91463;-1;2;Autocarro inferiore 35 q.;In marcia / fermata / arresto;Passeggero;M;Illeso;0;;Non accertato;Inesploso
3378732;7;01/07/2017 22:40;Strada Urbana;LARGO AUGUSTO CORELLI;all'intersezione con;VIA DELLA RUSTICA;VIA DELLA RUSTICA;;;Scontro frontale/laterale DX fra veicoli in marcia;Incrocio;Una carreggiata a doppio senso;Asciutto;Asfaltata;Verticale ed orizzontale;Sereno;Normale;Buona;Sufficiente;1;0;0;5;12,60941;41,91463;-1;2;Autocarro inferiore 35 q.;In marcia / fermata / arresto;Passeggero;M;Illeso;0;;Non accertato;Inesploso
3378746;10;02/07/2017 15:20;Strada Urbana;VIA BERNARDINO ALIMENA;in corrispondenza;;del civico n.;95;;Scontro laterale fra veicoli in marcia;Rettilineo;Una carreggiata a senso unico di marcia;Asciutto;Asfaltata;Verticale;Sereno;Scarso;Buona;Ore Diurne;2;0;0;1;12,60508;41,84735;-1;1;Autovettura privata;In marcia / fermata / arresto;Conducente;F;Rifiuta cure immediate;0;NON DECEDUTO;Non accertato;Inesploso
3378746;10;02/07/2017 15:20;Strada Urbana;VIA BERNARDINO ALIMENA;in corrispondenza;;del civico n.;95;;Scontro laterale fra veicoli in marcia;Rettilineo;Una carreggiata a senso unico di marcia;Asciutto;Asfaltata;Verticale;Sereno;Scarso;Buona;Ore Diurne;2;0;0;1;12,60508;41,84735;-1;1;Autovettura privata;In marcia / fermata / arresto;Passeggero;M;Illeso;0;;Non accertato;Inesploso