Protocollo;Gruppo;DataOraIncidente;Localizzazione1;STRADA1;Localizzazione2;STRADA2;Strada02;Chilometrica;DaSpecificare;NaturaIncidente;particolaritastrade;TipoStrada;FondoStradale;Pavimentazione;Segnaletica;CondizioneAtmosferica;Traffico;Visibilita;Illuminazione;NUM_FERITI;NUM_RISERVATA;NUM_MORTI;NUM_ILLESI;Longitudine;Latitudine;Confermato;Progressivo;TipoVeicolo;StatoVeicolo;TipoPersona;Sesso;Tipolesione;Deceduto;DecedutoDopo;CinturaCascoUtilizzato;Airbag
3380121;13;03/07/2017 11:20;Strada Urbana;VIA LITORANEA;da specificare;;;;altezza 2° cancello;Scontro frontale fra veicoli in marcia;Rettilineo;Una carreggiata a doppio senso;Asciutto;Asfaltata;Orizzontale;Sereno;Normale;Buona;Ore Diurne;2;0;0;1;12,37354;41,68762;-1;2;Motociclo con passeggero;In marcia / fermata / arresto;Conducente;M;Rimandato;0;NON DECEDUTO;Non accertato;
3380121;13;03/07/2017 11:20;Strada Urbana;VIA LITORANEA;da specificare;;;;altezza 2° cancello;Scontro frontale fra veicoli in marcia;Rettilineo;Una carreggiata a doppio senso;Asciutto;Asfaltata;Orizzontale;Sereno;Normale;Buona;Ore Diurne;2;0;0;1;12,37354;41,68762;-1;2;Motociclo con passeggero;In marcia / fermata / arresto;Passeggero;F;Rimandato;0;NON DECEDUTO;;
3380131;1;02/07/2017 18:50;Strada Urbana;PIAZZALE UGO LA MALFA;all'intersezione con;VIA DEL CIRCO MASSIMO;VIA DEL CIRCO MASSIMO;;;Scontro frontale/laterale SX fra veicoli in marcia;Incrocio;Due carreggiate;Asciutto;Asfaltata;Verticale ed orizzontale;Sereno;Normale;Buona;Ore Diurne;1;0;0;2;12,48498;41,88535;-1;1;Autovettura pubblica;In marcia / fermata / arresto;Conducente;M;Illeso;0;;;
3380131;1;02/07/2017 18:50;Strada Urbana;PIAZZALE UGO LA MALFA;all'intersezione con;VIA DEL CIRCO MASSIMO;VIA DEL CIRCO MASSIMO;;;Scontro frontale/laterale SX fra veicoli in marcia;Incrocio;Due carreggiate;Asciutto;Asfaltata;Verticale ed orizzontale;Sereno;Normale;Buona;Ore Diurne;1;0;0;2;12,48498;41,88535;-1;2;Motociclo con passeggero;In marcia / fermata / arresto;Conducente;M;Illeso;0;;;
3380131;1;02/07/2017 18:50;Strada Urbana;PIAZZALE UGO LA MALFA;all'intersezione con;VIA DEL CIRCO MASSIMO;VIA DEL CIRCO MASSIMO;;;Scontro frontale/laterale SX fra veicoli in marcia;Incrocio;Due carreggiate;Asciutto;Asfaltata;Verticale ed orizzontale;Sereno;Normale;Buona;Ore Diurne;1;0;0;2;12,48498;41,88535;-1;2;Motociclo con passeggero;In marcia / fermata / arresto;Passeggero;F;Rimandato;0;NON DECEDUTO;;
3380133;13;03/07/2017 19:30;Strada Urbana;VIA ANTONIO LOTTI;all'intersezione con;VIA ANTONIO SCONTRINO;VIA ANTONIO SCONTRINO;;;Scontro frontale/laterale SX fra veicoli in marcia;Incrocio;Una carreggiata a doppio senso;Asciutto;Asfaltata;Assente;Sereno;Scarso;Buona;Ore Diurne;0;0;0;3;12,38088;41,75125;-1;1;Autovettura privata;In marcia / fermata / arresto;Conducente;F;Illeso;0;;Non accertato;Inesploso
3380133;13;03/07/2017 19:30;Strada Urbana;VIA ANTONIO LOTTI;all'intersezione con;VIA ANTONIO SCONTRINO;VIA ANTONIO SCONTRINO;;;Scontro frontale/laterale SX fra veicoli in marcia;Incrocio;Una carreggiata a doppio senso;Asciutto;Asfaltata;Assente;Sereno;Scarso;Buona;Ore Diurne;0;0;0;3;12,38088;41,75125;-1;1;Autovettura privata;In marcia / fermata / arresto;Passeggero;M;Illeso;0;;Non accertato;Inesploso
3380133;13;03/07/2017 19:30;Strada Urbana;VIA ANTONIO LOTTI;all'intersezione con;VIA ANTONIO SCONTRINO;VIA ANTONIO SCONTRINO;;;Scontro frontale/laterale SX fra veicoli in marcia;Incrocio;Una carreggiata a doppio senso;Asciutto;Asfaltata;Assente;Sereno;Scarso;Buona;Ore Diurne;0;0;0;3;12,38088;41,75125;-1;2;Autovettura privata;In marcia / fermata / arresto;Conducente;M;Illeso;0;;Non accertato;Inesploso
3380149;1;03/07/2017 10:50;Strada Urbana;VIA LEONIDA BISSOLATI;all'intersezione con;LARGO DI S. SUSANNA;LARGO DI S. SUSANNA;;;Infortunio per sola frenata improvvisa;Incrocio;Una carreggiata a doppio senso;Asciutto;Asfaltata;Verticale ed orizzontale;Sereno;Normale;Buona;Ore Diurne;1;0;0;2;12,49317;41,90506;-1;1;Motociclo con passeggero;In marcia / fermata / arresto;Conducente;M;Illeso;0;;Non accertato;
3380149;1;03/07/2017 10:50;Strada Urbana;VIA LEONIDA BISSOLATI;all'intersezione con;LARGO DI S. SUSANNA;LARGO DI S. SUSANNA;;;Infortunio per sola frenata improvvisa;Incrocio;Una carreggiata a doppio senso;Asciutto;Asfaltata;Verticale ed orizzontale;Sereno;Normale;Buona;Ore Diurne;1;0;0;2;12,49317;41,90506;-1;1;Motociclo con passeggero;In marcia / fermata / arresto;Passeggero;F;Illeso;0;;Utilizzato;
3380149;1;03/07/2017 10:50;Strada Urbana;VIA LEONIDA BISSOLATI;all'intersezione con;LARGO DI S. SUSANNA;LARGO DI S. SUSANNA;;;Infortunio per sola frenata improvvisa;Incrocio;Una carreggiata a doppio senso;Asciutto;Asfaltata;Verticale ed orizzontale;Sereno;Normale;Buona;Ore Diurne;1;0;0;2;12,49317;41,90506;-1;2;Motociclo a solo;In marcia / fermata / arresto;Conducente;M;Rimandato;0;NON DECEDUTO;Utilizzato;
3380150;1;06/07/2017 09:15;Strada Urbana;VIA DRUSO;in prossimità;;del palo luce n.;3;;Veicolo in marcia contro ostacolo accidentale;Rettilineo;Una carreggiata a doppio senso;Asciutto;Asfaltata;Verticale ed orizzontale;Sereno;Scarso;Buona;Ore Diurne;1;0;0;0;12,49729;41,88127;-1;1;Motociclo a solo;In marcia / fermata / arresto;Conducente;M;Rimandato;0;NON DECEDUTO;Utilizzato;
3380152;1;02/07/2017 15:40;Strada Urbana;VIALE AVENTINO;all'intersezione semaforizzata con;PIAZZA ALBANIA;PIAZZA ALBANIA;;;Scontro frontale/laterale SX fra veicoli in marcia;Intersezione semaforizzata;Più di due carreggiate;Asciutto;In cubetti di porfido;Verticale ed orizzontale;Sereno;Scarso;Buona;Ore Diurne;0;0;0;3;12,48377;41,8804;-1;1;Autovettura privata;In marcia / fermata / arresto;Conducente;F;Illeso;0;;Non accertato;Inesploso
3380152;1;02/07/2017 15:40;Strada Urbana;VIALE AVENTINO;all'intersezione semaforizzata con;PIAZZA ALBANIA;PIAZZA ALBANIA;;;Scontro frontale/laterale SX fra veicoli in marcia;Intersezione semaforizzata;Più di due carreggiate;Asciutto;In cubetti di porfido;Verticale ed orizzontale;Sereno;Scarso;Buona;Ore Diurne;0;0;0;3;12,48377;41,8804;-1;2;Autovettura privata;In marcia / fermata / arresto;Conducente;F;Illeso;0;;Non accertato;Inesploso
3380152;1;02/07/2017 15:40;Strada Urbana;VIALE AVENTINO;all'intersezione semaforizzata con;PIAZZA ALBANIA;PIAZZA ALBANIA;;;Scontro frontale/laterale SX fra veicoli in marcia;Intersezione semaforizzata;Più di due carreggiate;Asciutto;In cubetti di porfido;Verticale ed orizzontale;Sereno;Scarso;Buona;Ore Diurne;0;0;0;3;12,48377;41,8804;-1;2;Autovettura privata;In marcia / fermata / arresto;Passeggero;M;Illeso;0;;Non accertato;Inesploso
3380156;17;03/07/2017 11:10;Strada Urbana;VIALE GIUSEPPE MAZZINI;in prossimità;;del civico n.;98;;Investimento di pedone;Rettilineo;Due carreggiate;Asciutto;Asfaltata;Verticale ed orizzontale;Sereno;Normale;Buona;Ore Diurne;1;0;0;1;12,46088;41,9155;-1;;;;Pedone;F;Rimandato;0;NON DECEDUTO;;
3380156;17;03/07/2017 11:10;Strada Urbana;VIALE GIUSEPPE MAZZINI;in prossimità;;del civico n.;98;;Investimento di pedone;Rettilineo;Due carreggiate;Asciutto;Asfaltata;Verticale ed orizzontale;Sereno;Normale;Buona;Ore Diurne;1;0;0;1;12,46088;41,9155;-1;1;Autovettura privata;In marcia / fermata / arresto;Conducente;M;Illeso;0;;;
3380172;17;03/07/2017 13:10;Strada Urbana;VIALE GIULIO CESARE;in corrispondenza;;del civico n.;59 C;;Investimento di pedone;Rettilineo;Più di due carreggiate;Asciutto;Asfaltata;Verticale ed orizzontale;Sereno;;Buona;Ore Diurne;1;0;0;1;12,46387;41,91083;-1;;;;Pedone;M;Rimandato;0;NON DECEDUTO;;
3380172;17;03/07/2017 13:10;Strada Urbana;VIALE GIULIO CESARE;in corrispondenza;;del civico n.;59 C;;Investimento di pedone;Rettilineo;Più di due carreggiate;Asciutto;Asfaltata;Verticale ed orizzontale;Sereno;;Buona;Ore Diurne;1;0;0;1;12,46387;41,91083;-1;1;Autovettura privata;In marcia / fermata / arresto;Conducente;F;Illeso;0;;;Inesploso
3380181;6;03/07/2017 18:40;Strada Urbana;VIA ANTONIO TEMPESTA;da specificare;;;;altezza Via Mario Cartaro;Veicolo in marcia contro veicolo fermo;Rettilineo;Una carreggiata a senso unico di marcia;Asciutto;Asfaltata;Verticale ed orizzontale;Sereno;Normale;Buona;Ore Diurne;0;0;0;3;12,54037;41,88219;-1;1;Autovettura privata;In marcia / fermata / arresto;Conducente;M;Illeso;0;;;
3380181;6;03/07/2017 18:40;Strada Urbana;VIA ANTONIO TEMPESTA;da specificare;;;;altezza Via Mario Cartaro;Veicolo in marcia contro veicolo fermo;Rettilineo;Una carreggiata a senso unico di marcia;Asciutto;Asfaltata;Verticale ed orizzontale;Sereno;Normale;Buona;Ore Diurne;0;0;0;3;12,54037;41,88219;-1;1;Autovettura privata;In marcia / fermata / arresto;Passeggero;M;Illeso;0;;;
3380181;6;03/07/2017 18:40;Strada Urbana;VIA ANTONIO TEMPESTA;da specificare;;;;altezza Via Mario Cartaro;Veicolo in marcia contro veicolo fermo;Rettilineo;Una carreggiata a senso unico di marcia;Asciutto;Asfaltata;Verticale ed orizzontale;Sereno;Normale;Buona;Ore Diurne;0;0;0;3;12,54037;41,88219;-1;2;Autovettura privata;In marcia / fermata / arresto;Conducente;F;Illeso;0;;;
3380182;1;03/07/2017 19:30;Strada Urbana;VIALE GUIDO BACCELLI;in corrispondenza;;del palo luce n.;10;;Investimento di pedone;Rettilineo;Una carreggiata a doppio senso;Asciutto;Asfaltata;Verticale ed orizzontale;Sereno;Intenso;Buona;Ore Diurne;1;0;0;1;12,4918;41,87754;-1;;;;Pedone;F;Rimandato;0;NON DECEDUTO;;
3380182;1;03/07/2017 19:30;Strada Urbana;VIALE GUIDO BACCELLI;in corrispondenza;;del palo luce n.;10;;Investimento di pedone;Rettilineo;Una carreggiata a doppio senso;Asciutto;Asfaltata;Verticale ed orizzontale;Sereno;Intenso;Buona;Ore Diurne;1;0;0;1;12,4918;41,87754;-1;1;Motociclo a solo;In marcia / fermata / arresto;Conducente;M;Illeso;0;;Non accertato;
3380184;1;03/07/2017 19:20;Strada Urbana;VIALE AVENTINO;in prossimità;;del civico n.;94;;Tamponamento Multiplo;Rettilineo;Una carreggiata a senso unico di marcia;Asciutto;Asfaltata;Verticale ed orizzontale;Sereno;Normale;Buona;Ore Diurne;1;0;0;2;12,48532;41,88173;-1;1;Autocarro inferiore 35 q.;In marcia / fermata / arresto;Conducente;M;Illeso;0;;;
3380184;1;03/07/2017 19:20;Strada Urbana;VIALE AVENTINO;in prossimità;;del civico n.;94;;Tamponamento Multiplo;Rettilineo;Una carreggiata a senso unico di marcia;Asciutto;Asfaltata;Verticale ed orizzontale;Sereno;Normale;Buona;Ore Diurne;1;0;0;2;12,48532;41,88173;-1;2;Autovettura privata;In marcia / fermata / arresto;Conducente;M;Illeso;0;;;
3380184;1;03/07/2017 19:20;Strada Urbana;VIALE AVENTINO;in prossimità;;del civico n.;94;;Tamponamento Multiplo;Rettilineo;Una carreggiata a senso unico di marcia;Asciutto;Asfaltata;Verticale ed orizzontale;Sereno;Normale;Buona;Ore Diurne;1;0;0;2;12,48532;41,88173;-1;3;Motociclo a solo;In marcia / fermata / arresto;Conducente;M;Rimandato;0;NON DECEDUTO;;
3380196;1;03/07/2017 08:40;Strada Urbana;VIA GIULIA;in prossimità;;del civico n.;124;;Infortunio per sola frenata improvvisa;Rettilineo;Una carreggiata a senso unico di marcia;Viscido da liquidi oleosi;Acciotolata;Verticale ed orizzontale;Sereno;Scarso;Buona;Ore Diurne;1;0;0;0;12,46673;41,89779;-1;1;Motociclo a solo;In marcia / fermata / arresto;Conducente;M;Rifiuta cure immediate;0;NON DECEDUTO;Non accertato;
3380197;1;02/07/2017 01:30;Strada Urbana;LUNGOTEVERE RIPA;da specificare;;;;altezza VIA RIPENSE;Tamponamento;Curva senza visuale libera;Una carreggiata a senso unico di marcia;Asciutto;Asfaltata;Verticale ed orizzontale;Nuvoloso;Normale;Sufficiente;Sufficiente;0;0;0;3;12,47882;41,888;-1;1;Autovettura privata;In marcia / fermata / arresto;Conducente;M;Illeso;0;;Non accertato;
3380197;1;02/07/2017 01:30;Strada Urbana;LUNGOTEVERE RIPA;da specificare;;;;altezza VIA RIPENSE;Tamponamento;Curva senza visuale libera;Una carreggiata a senso unico di marcia;Asciutto;Asfaltata;Verticale ed orizzontale;Nuvoloso;Normale;Sufficiente;Sufficiente;0;0;0;3;12,47882;41,888;-1;2;Autovettura privata;In marcia / fermata / arresto;Conducente;M;Illeso;0;;Non accertato;
3380197;1;02/07/2017 01:30;Strada Urbana;LUNGOTEVERE RIPA;da specificare;;;;altezza VIA RIPENSE;Tamponamento;Curva senza visuale libera;Una carreggiata a senso unico di marcia;Asciutto;Asfaltata;Verticale ed orizzontale;Nuvoloso;Normale;Sufficiente;Sufficiente;0;0;0;3;12,47882;41,888;-1;2;Autovettura privata;In marcia / fermata / arresto;Passeggero;F;Illeso;0;;Non accertato;
3380202;17;03/07/2017 15:30;Strada Urbana;VIA RUGGERO DI LAURIA;all'intersezione con;VIA FRANCESCO CARACCIOLO;VIA FRANCESCO CARACCIOLO;;;Scontro frontale/laterale DX fra veicoli in marcia;Incrocio;Una carreggiata a senso unico di marcia;Asciutto;Asfaltata;Verticale ed orizzontale;Sereno;Normale;Buona;Ore Diurne;1;0;0;1;12,45046;41,90838;-1;1;Autovettura privata;In marcia / fermata / arresto;Conducente;M;Illeso;0;;;
3380202;17;03/07/2017 15:30;Strada Urbana;VIA RUGGERO DI LAURIA;all'intersezione con;VIA FRANCESCO CARACCIOLO;VIA FRANCESCO CARACCIOLO;;;Scontro frontale/laterale DX fra veicoli in marcia;Incrocio;Una carreggiata a senso unico di marcia;Asciutto;Asfaltata;Verticale ed orizzontale;Sereno;Normale;Buona;Ore Diurne;1;0;0;1;12,45046;41,90838;-1;2;Motociclo con passeggero;In marcia / fermata / arresto;Conducente;M;Rimandato;0;NON DECEDUTO;;
3380206;10;04/07/2017 09:20;Strada Urbana;VIA TUSCOLANA;in prossimità;;del civico n.;607c;;Scontro laterale fra veicoli in marcia;Rettilineo;Una carreggiata a senso unico di marcia;Asciutto;Asfaltata;Verticale ed orizzontale;Sereno;Normale;Sufficiente;Ore Diurne;1;0;0;2;12,54951;41,86365;-1;1;Motociclo a solo;In marcia / fermata / arresto;Conducente;M;Rimandato;0;NON DECEDUTO;Non accertato;
3380206;10;04/07/2017 09:20;Strada Urbana;VIA TUSCOLANA;in prossimità;;del civico n.;607c;;Scontro laterale fra veicoli in marcia;Rettilineo;Una carreggiata a senso unico di marcia;Asciutto;Asfaltata;Verticale ed orizzontale;Sereno;Normale;Sufficiente;Ore Diurne;1;0;0;2;12,54951;41,86365;-1;2;Autovettura privata;In marcia / fermata / arresto;Conducente;M;Illeso;0;;Non accertato;Inesploso
3380206;10;04/07/2017 09:20;Strada Urbana;VIA TUSCOLANA;in prossimità;;del civico n.;607c;;Scontro laterale fra veicoli in marcia;Rettilineo;Una carreggiata a senso unico di marcia;Asciutto;Asfaltata;Verticale ed orizzontale;Sereno;Normale;Sufficiente;Ore Diurne;1;0;0;2;12,54951;41,86365;-1;2;Autovettura privata;In marcia / fermata / arresto;Passeggero;M;Illeso;0;;Non accertato;Inesploso
3380243;2;04/07/2017 08:45;Strada Urbana;CIRCONVALLAZIONE SALARIA;da specificare;;;;pros.tà usc. via Salaria direzione stadio Olimpico;Tamponamento;Rettilineo;Due carreggiate;Asciutto;Asfaltata;Verticale ed orizzontale;Sereno;Normale;Buona;Ore Diurne;0;0;0;1;12,50682;41,93783;-1;1;Autovettura privata;In marcia / fermata / arresto;Conducente;M;Illeso;0;;;
3380245;1;03/07/2017 11:30;Strada Urbana;VIALE AVENTINO;in corrispondenza;;del civico n.;65;;Tamponamento;Rettilineo;Più di due carreggiate;Asciutto;In cubetti di porfido;Orizzontale;Sereno;Normale;Buona;Ore Diurne;0;0;0;3;12,48559;41,88146;-1;1;Autovettura privata;In marcia / fermata / arresto;Conducente;M;Illeso;0;;;
3380245;1;03/07/2017 11:30;Strada Urbana;VIALE AVENTINO;in corrispondenza;;del civico n.;65;;Tamponamento;Rettilineo;Più di due carreggiate;Asciutto;In cubetti di porfido;Orizzontale;Sereno;Normale;Buona;Ore Diurne;0;0;0;3;12,48559;41,88146;-1;2;Autovettura privata;In marcia / fermata / arresto;Conducente;M;Illeso;0;;;
3380245;1;03/07/2017 11:30;Strada Urbana;VIALE AVENTINO;in corrispondenza;;del civico n.;65;;Tamponamento;Rettilineo;Più di due carreggiate;Asciutto;In cubetti di porfido;Orizzontale;Sereno;Normale;Buona;Ore Diurne;0;0;0;3;12,48559;41,88146;-1;2;Autovettura privata;In marcia / fermata / arresto;Passeggero;M;Illeso;0;;;
3380246;17;03/07/2017 16:55;Strada Urbana;VIA VIRGILIO;all'intersezione con;VIA CASSIODORO;VIA CASSIODORO;;;Scontro laterale fra veicoli in marcia;Incrocio;Una carreggiata a senso unico di marcia;Asciutto;Asfaltata;Verticale ed orizzontale;Sereno;Normale;Buona;Ore Diurne;1;0;0;1;12,46588;41,90619;-1;1;Autovettura privata;In marcia / fermata / arresto;Conducente;M;Illeso;0;;Non utilizzato;Inesploso
3380246;17;03/07/2017 16:55;Strada Urbana;VIA VIRGILIO;all'intersezione con;VIA CASSIODORO;VIA CASSIODORO;;;Scontro laterale fra veicoli in marcia;Incrocio;Una carreggiata a senso unico di marcia;Asciutto;Asfaltata;Verticale ed orizzontale;Sereno;Normale;Buona;Ore Diurne;1;0;0;1;12,46588;41,90619;-1;2;Motociclo a solo;In marcia / fermata / arresto;Conducente;M;Rifiuta cure immediate;0;NON DECEDUTO;;
3380250;18;04/07/2017 08:40;Strada Urbana;VIA DI CASAL SELCE;in corrispondenza;;del civico n.;383v;;Scontro frontale/laterale DX fra veicoli in marcia;Rettilineo;Una carreggiata a doppio senso;Asciutto;Asfaltata;Verticale ed orizzontale;Sereno;Normale;Buona;Ore Diurne;1;0;0;2;12,35199;41,91572;-1;1;Motociclo a solo;In marcia / fermata / arresto;Conducente;M;Rimandato;0;NON DECEDUTO;Non accertato;
3380250;18;04/07/2017 08:40;Strada Urbana;VIA DI CASAL SELCE;in corrispondenza;;del civico n.;383v;;Scontro frontale/laterale DX fra veicoli in marcia;Rettilineo;Una carreggiata a doppio senso;Asciutto;Asfaltata;Verticale ed orizzontale;Sereno;Normale;Buona;Ore Diurne;1;0;0;2;12,35199;41,91572;-1;2;Autovettura privata;In marcia / fermata / arresto;Conducente;M;Illeso;0;;Non accertato;Inesploso
3380250;18;04/07/2017 08:40;Strada Urbana;VIA DI CASAL SELCE;in corrispondenza;;del civico n.;383v;;Scontro frontale/laterale DX fra veicoli in marcia;Rettilineo;Una carreggiata a doppio senso;Asciutto;Asfaltata;Verticale ed orizzontale;Sereno;Normale;Buona;Ore Diurne;1;0;0;2;12,35199;41,91572;-1;2;Autovettura privata;In marcia / fermata / arresto;Passeggero;F;Illeso;0;;Non accertato;Inesploso
3380258;7;03/07/2017 19:00;Strada Urbana;VIALE ALESSANDRINO;in corrispondenza;;del civico n.;776;;Tamponamento;Rettilineo;Una carreggiata a doppio senso;Asciutto;Asfaltata;Orizzontale;Sereno;Normale;Buona;Ore Diurne;0;0;0;4;12,57676;41,88699;-1;1;Autovettura privata;In marcia / fermata / arresto;Conducente;M;Illeso;0;;Non accertato;Inesploso
3380258;7;03/07/2017 19:00;Strada Urbana;VIALE ALESSANDRINO;in corrispondenza;;del civico n.;776;;Tamponamento;Rettilineo;Una carreggiata a doppio senso;Asciutto;Asfaltata;Orizzontale;Sereno;Normale;Buona;Ore Diurne;0;0;0;4;12,57676;41,88699;-1;2;Autovettura privata;In marcia / fermata / arresto;Conducente;F;Illeso;0;;;
3380258;7;03/07/2017 19:00;Strada Urbana;VIALE ALESSANDRINO;in corrispondenza;;del civico n.;776;;Tamponamento;Rettilineo;Una carreggiata a doppio senso;Asciutto;Asfaltata;Orizzontale;Sereno;Normale;Buona;Ore Diurne;0;0;0;4;12,57676;41,88699;-1;2;Autovettura privata;In marcia / fermata / arresto;Passeggero;M;Illeso;0;;Non accertato;Inesploso
3380258;7;03/07/2017 19:00;Strada Urbana;VIALE ALESSANDRINO;in corrispondenza;;del civico n.;776;;Tamponamento;Rettilineo;Una carreggiata a doppio senso;Asciutto;Asfaltata;Orizzontale;Sereno;Normale;Buona;Ore Diurne;0;0;0;4;12,57676;41,88699;-1;2;Autovettura privata;In marcia / fermata / arresto;Passeggero;M;Illeso;0;;Non accertato;
3380259;1;01/07/2017 12:00;Strada Urbana;PIAZZA DI PORTA S. GIOVANNI;all'intersezione semaforizzata con;PORTA ASINARIA;PORTA ASINARIA;;;Veicolo in marcia contro veicoli in arresto;Intersezione semaforizzata;Più di due carreggiate;Asciutto;Asfaltata;Verticale;Sereno;Normale;Buona;Ore Diurne;0;0;0;4;12,50856;41,88629;-1;1;Autovettura privata;In marcia / fermata / arresto;Conducente;M;Illeso;0;;Non accertato;Inesploso
3380259;1;01/07/2017 12:00;Strada Urbana;PIAZZA DI PORTA S. GIOVANNI;all'intersezione semaforizzata con;PORTA ASINARIA;PORTA ASINARIA;;;Veicolo in marcia contro veicoli in arresto;Intersezione semaforizzata;Più di due carreggiate;Asciutto;Asfaltata;Verticale;Sereno;Normale;Buona;Ore Diurne;0;0;0;4;12,50856;41,88629;-1;2;Autovettura privata;In marcia / fermata / arresto;Conducente;M;Illeso;0;;Non accertato;Inesploso
3380259;1;01/07/2017 12:00;Strada Urbana;PIAZZA DI PORTA S. GIOVANNI;all'intersezione semaforizzata con;PORTA ASINARIA;PORTA ASINARIA;;;Veicolo in marcia contro veicoli in arresto;Intersezione semaforizzata;Più di due carreggiate;Asciutto;Asfaltata;Verticale;Sereno;Normale;Buona;Ore Diurne;0;0;0;4;12,50856;41,88629;-1;3;Autovettura privata;In marcia / fermata / arresto;Conducente;F;Illeso;0;;Non accertato;Inesploso
3380259;1;01/07/2017 12:00;Strada Urbana;PIAZZA DI PORTA S. GIOVANNI;all'intersezione semaforizzata con;PORTA ASINARIA;PORTA ASINARIA;;;Veicolo in marcia contro veicoli in arresto;Intersezione semaforizzata;Più di due carreggiate;Asciutto;Asfaltata;Verticale;Sereno;Normale;Buona;Ore Diurne;0;0;0;4;12,50856;41,88629;-1;3;Autovettura privata;In marcia / fermata / arresto;Passeggero;F;Illeso;0;;Non accertato;Inesploso
3380261;2;03/07/2017 19:50;Strada Urbana;VIA DOMENICO ALBERTO AZUNI;in prossimità;;del civico n.;4;;Scontro frontale/laterale SX fra veicoli in marcia;Rettilineo;Una carreggiata a doppio senso;Asciutto;Asfaltata;Verticale ed orizzontale;Sereno;Scarso;Buona;Ore Diurne;1;0;0;1;12,47344;41,91495;-1;1;Autovettura privata;In marcia / fermata / arresto;Conducente;M;Illeso;0;;Non accertato;Inesploso
3380261;2;03/07/2017 19:50;Strada Urbana;VIA DOMENICO ALBERTO AZUNI;in prossimità;;del civico n.;4;;Scontro frontale/laterale SX fra veicoli in marcia;Rettilineo;Una carreggiata a doppio senso;Asciutto;Asfaltata;Verticale ed orizzontale;Sereno;Scarso;Buona;Ore Diurne;1;0;0;1;12,47344;41,91495;-1;2;Motociclo di polizia;In marcia / fermata / arresto;Conducente;M;Rimandato;0;NON DECEDUTO;Non accertato;
3380271;6;03/07/2017 20:15;Strada Urbana;PIAZZA CABALLINI;all'intersezione con;VIA DEL PIGNETO;VIA DEL PIGNETO;;;Scontro laterale fra veicoli in marcia;Incrocio;Più di due carreggiate;Asciutto;Asfaltata;Orizzontale;Sereno;Scarso;Buona;Ore Diurne;2;0;0;1;12,52096;41,89107;-1;1;Autovettura privata;In marcia / fermata / arresto;Conducente;M;Illeso;0;;;
3380271;6;03/07/2017 20:15;Strada Urbana;PIAZZA CABALLINI;all'intersezione con;VIA DEL PIGNETO;VIA DEL PIGNETO;;;Scontro laterale fra veicoli in marcia;Incrocio;Più di due carreggiate;Asciutto;Asfaltata;Orizzontale;Sereno;Scarso;Buona;Ore Diurne;2;0;0;1;12,52096;41,89107;-1;2;Motociclo a solo;In marcia / fermata / arresto;Conducente;M;Rimandato;0;NON DECEDUTO;;
3380271;6;03/07/2017 20:15;Strada Urbana;PIAZZA CABALLINI;all'intersezione con;VIA DEL PIGNETO;VIA DEL PIGNETO;;;Scontro laterale fra veicoli in marcia;Incrocio;Più di due carreggiate;Asciutto;Asfaltata;Orizzontale;Sereno;Scarso;Buona;Ore Diurne;2;0;0;1;12,52096;41,89107;-1;2;Motociclo a solo;In marcia / fermata / arresto;Passeggero;M;Rimandato;0;NON DECEDUTO;;
3380281;2;03/07/2017 10:30;Strada Urbana;VIA TAGLIAMENTO;all'intersezione semaforizzata con;VIA CHIANA;VIA CHIANA;;;Investimento di pedone;Incrocio;Una carreggiata a senso unico alternato;Asciutto;Asfaltata;Verticale ed orizzontale;Sereno;Normale;Buona;Ore Diurne;1;0;0;1;12,5054;41,92176;-1;;;;Pedone;F;Rifiuta cure immediate;0;NON DECEDUTO;;
3380281;2;03/07/2017 10:30;Strada Urbana;VIA TAGLIAMENTO;all'intersezione semaforizzata con;VIA CHIANA;VIA CHIANA;;;Investimento di pedone;Incrocio;Una carreggiata a senso unico alternato;Asciutto;Asfaltata;Verticale ed orizzontale;Sereno;Normale;Buona;Ore Diurne;1;0;0;1;12,5054;41,92176;-1;1;Autovettura privata;In marcia / fermata / arresto;Conducente;M;Illeso;0;;;
3380291;2;03/07/2017 09:30;Strada Urbana;LARGO GIUSEPPE TARTINI;all'intersezione con;VIA RUGGERO GIOVANNELLI;VIA RUGGERO GIOVANNELLI;;;Tamponamento;Incrocio;Una carreggiata a senso unico di marcia;Asciutto;Asfaltata;Verticale ed orizzontale;Sereno;Normale;Buona;Ore Diurne;0;0;0;2;12,49469;41,91616;-1;1;Autovettura privata;In marcia / fermata / arresto;Conducente;M;Illeso;0;;Non accertato;Inesploso
3380291;2;03/07/2017 09:30;Strada Urbana;LARGO GIUSEPPE TARTINI;all'intersezione con;VIA RUGGERO GIOVANNELLI;VIA RUGGERO GIOVANNELLI;;;Tamponamento;Incrocio;Una carreggiata a senso unico di marcia;Asciutto;Asfaltata;Verticale ed orizzontale;Sereno;Normale;Buona;Ore Diurne;0;0;0;2;12,49469;41,91616;-1;2;Autovettura privata;In marcia / fermata / arresto;Conducente;M;Illeso;0;;Non accertato;Inesploso
3380295;2;03/07/2017 10:30;Strada Urbana;VIA GIOVANNI PACINI;in prossimità;;del civico n.;fronte 21;;Investimento di pedone;Rettilineo;Una carreggiata a doppio senso;Asciutto;Asfaltata;Verticale ed orizzontale;Sereno;Normale;Sufficiente;Ore Diurne;1;0;0;1;12,49626;41,9175;-1;;;;Pedone;M;Rimandato;0;NON DECEDUTO;;
3380295;2;03/07/2017 10:30;Strada Urbana;VIA GIOVANNI PACINI;in prossimità;;del civico n.;fronte 21;;Investimento di pedone;Rettilineo;Una carreggiata a doppio senso;Asciutto;Asfaltata;Verticale ed orizzontale;Sereno;Normale;Sufficiente;Ore Diurne;1;0;0;1;12,49626;41,9175;-1;1;Motociclo a solo;In marcia / fermata / arresto;Conducente;M;Illeso;0;;Non accertato;