Protocollo;Gruppo;DataOraIncidente;Localizzazione1;STRADA1;Localizzazione2;STRADA2;Strada02;Chilometrica;DaSpecificare;NaturaIncidente;particolaritastrade;TipoStrada;FondoStradale;Pavimentazione;Segnaletica;CondizioneAtmosferica;Traffico;Visibilita;Illuminazione;NUM_FERITI;NUM_RISERVATA;NUM_MORTI;NUM_ILLESI;Longitudine;Latitudine;Confermato;Progressivo;TipoVeicolo;StatoVeicolo;TipoPersona;Sesso;Tipolesione;Deceduto;DecedutoDopo;CinturaCascoUtilizzato;Airbag
3390505;9;11/07/2017 16:10;Strada Urbana;VIA TUSCOLANA;in prossimità;;del civico n.;334;;Scontro frontale/laterale DX fra veicoli in marcia;Rettilineo;Una carreggiata a doppio senso;Asciutto;Asfaltata;Verticale ed orizzontale;Sereno;Normale;Buona;Ore Diurne;1;0;0;2;12,52647;41,87632;-1;2;Autovettura privata;In marcia / fermata / arresto;Conducente;M;Illeso;0;;Utilizzato;Inesploso
3390505;9;11/07/2017 16:10;Strada Urbana;VIA TUSCOLANA;in prossimità;;del civico n.;334;;Scontro frontale/laterale DX fra veicoli in marcia;Rettilineo;Una carreggiata a doppio senso;Asciutto;Asfaltata;Verticale ed orizzontale;Sereno;Normale;Buona;Ore Diurne;1;0;0;2;12,52647;41,87632;-1;3;Motociclo a solo;In marcia / fermata / arresto;Conducente;M;Rimandato;0;NON DECEDUTO;Utilizzato;
3390574;2;11/07/2017 16:10;Strada Urbana;VIA DEL FORO ITALICO;da specificare;;;;direz. Stadio altezza palo acea 302;Tamponamento Multiplo;Rettilineo;Due carreggiate;Asciutto;Asfaltata;Verticale ed orizzontale;Sereno;Normale;Buona;Ore Diurne;0;0;0;3;12,49491;41,93952;-1;1;Autocarro inferiore 35 q.;In marcia / fermata / arresto;Conducente;M;Illeso;0;;Non accertato;Inesploso
3390574;2;11/07/2017 16:10;Strada Urbana;VIA DEL FORO ITALICO;da specificare;;;;direz. Stadio altezza palo acea 302;Tamponamento Multiplo;Rettilineo;Due carreggiate;Asciutto;Asfaltata;Verticale ed orizzontale;Sereno;Normale;Buona;Ore Diurne;0;0;0;3;12,49491;41,93952;-1;2;Autovettura privata;In marcia / fermata / arresto;Conducente;M;Illeso;0;;Non accertato;Inesploso
3390574;2;11/07/2017 16:10;Strada Urbana;VIA DEL FORO ITALICO;da specificare;;;;direz. Stadio altezza palo acea 302;Tamponamento Multiplo;Rettilineo;Due carreggiate;Asciutto;Asfaltata;Verticale ed orizzontale;Sereno;Normale;Buona;Ore Diurne;0;0;0;3;12,49491;41,93952;-1;3;Autovettura privata;In marcia / fermata / arresto;Conducente;F;Illeso;0;;Non accertato;Inesploso
3390687;8;10/07/2017 13:30;Strada Urbana;VIA DEL FOSSO DI S. MAURA;da specificare;;;;proz Via Sorbona (rotatoria);Scontro laterale fra veicoli in marcia;Curva a visuale libera;Una carreggiata a senso unico di marcia;Asciutto;Asfaltata;Verticale ed orizzontale;Sereno;Normale;Buona;Ore Diurne;0;0;0;3;12,59469;41,85795;-1;1;Autovettura privata;In marcia / fermata / arresto;Conducente;M;Illeso;0;;Non accertato;Inesploso
3390687;8;10/07/2017 13:30;Strada Urbana;VIA DEL FOSSO DI S. MAURA;da specificare;;;;proz Via Sorbona (rotatoria);Scontro laterale fra veicoli in marcia;Curva a visuale libera;Una carreggiata a senso unico di marcia;Asciutto;Asfaltata;Verticale ed orizzontale;Sereno;Normale;Buona;Ore Diurne;0;0;0;3;12,59469;41,85795;-1;1;Autovettura privata;In marcia / fermata / arresto;Passeggero;F;Illeso;0;;Non accertato;Inesploso
3390687;8;10/07/2017 13:30;Strada Urbana;VIA DEL FOSSO DI S. MAURA;da specificare;;;;proz Via Sorbona (rotatoria);Scontro laterale fra veicoli in marcia;Curva a visuale libera;Una carreggiata a senso unico di marcia;Asciutto;Asfaltata;Verticale ed orizzontale;Sereno;Normale;Buona;Ore Diurne;0;0;0;3;12,59469;41,85795;-1;2;Autocarro inferiore 35 q.;In marcia / fermata / arresto;Conducente;M;Illeso;0;;Non accertato;Inesploso
3390927;1;10/07/2017 09:25;Strada Urbana;VIA STATILIA;all'intersezione con;VIA DI S. CROCE IN GERUSALEMME;VIA DI S. CROCE IN GERUSALEMME;;;Infortunio per caduta del veicolo;Incrocio;Una carreggiata a senso unico di marcia;Asciutto;Asfaltata;Verticale ed orizzontale;Sereno;Normale;Buona;Ore Diurne;1;0;0;0;12,51077;41,89008;-1;1;Motociclo a solo;In marcia / fermata / arresto;Conducente;F;Rimandato;0;NON DECEDUTO;;
3390953;1;11/07/2017 17:50;Strada Urbana;VIA ARENULA;all'intersezione semaforizzata con;PIAZZA BENEDETTO CAIROLI;PIAZZA BENEDETTO CAIROLI;;;Scontro frontale/laterale SX fra veicoli in marcia;Intersezione semaforizzata;Una carreggiata a doppio senso;Asciutto;Acciotolata;Verticale ed orizzontale;Sereno;Normale;Buona;Ore Diurne;1;0;0;1;12,4753;41,8931;-1;1;Autovettura pubblica;In marcia / fermata / arresto;Conducente;M;Illeso;0;;Non accertato;
3390953;1;11/07/2017 17:50;Strada Urbana;VIA ARENULA;all'intersezione semaforizzata con;PIAZZA BENEDETTO CAIROLI;PIAZZA BENEDETTO CAIROLI;;;Scontro frontale/laterale SX fra veicoli in marcia;Intersezione semaforizzata;Una carreggiata a doppio senso;Asciutto;Acciotolata;Verticale ed orizzontale;Sereno;Normale;Buona;Ore Diurne;1;0;0;1;12,4753;41,8931;-1;2;Ciclomotore;In marcia / fermata / arresto;Conducente;F;Rimandato;0;NON DECEDUTO;;
3390964;15;11/07/2017 15:40;Strada Urbana;VIA DELLA MAGLIANA;in corrispondenza;;del civico n.;263I;;Scontro laterale fra veicoli in marcia;Rettilineo;Una carreggiata a doppio senso;Asciutto;Asfaltata;Orizzontale;Sereno;Normale;Buona;Ore Diurne;0;0;0;2;12,45707;41,84608;-1;1;Autovettura privata;In marcia / fermata / arresto;Conducente;M;Illeso;0;;Utilizzato;
3390964;15;11/07/2017 15:40;Strada Urbana;VIA DELLA MAGLIANA;in corrispondenza;;del civico n.;263I;;Scontro laterale fra veicoli in marcia;Rettilineo;Una carreggiata a doppio senso;Asciutto;Asfaltata;Orizzontale;Sereno;Normale;Buona;Ore Diurne;0;0;0;2;12,45707;41,84608;-1;2;Autoarticolato;In marcia / fermata / arresto;Conducente;M;Illeso;0;;Utilizzato;
3390972;15;11/07/2017 16:15;Strada Urbana;VIA PORTUENSE;da specificare;;;;fronte civico 407;Veicolo in marcia contro ostacolo fisso;Rettilineo;Una carreggiata a doppio senso;Asciutto;Asfaltata;Orizzontale;Sereno;Normale;Buona;Ore Diurne;0;0;0;1;12,35585;41,82718;-1;1;Autovettura privata;In marcia / fermata / arresto;Conducente;M;Illeso;0;;;
3390975;10;11/07/2017 10:00;Strada Urbana;VIA LUCIO PAPIRIO;all'intersezione con;VIA CAIO CANULEIO;VIA CAIO CANULEIO;;;Tamponamento;Incrocio;Una carreggiata a senso unico di marcia;Asciutto;Asfaltata;Verticale ed orizzontale;Sereno;Normale;Buona;Ore Diurne;0;0;0;2;12,56034;41,85323;-1;1;Autovettura privata;In marcia / fermata / arresto;Conducente;M;Illeso;0;;Non accertato;Inesploso
3390975;10;11/07/2017 10:00;Strada Urbana;VIA LUCIO PAPIRIO;all'intersezione con;VIA CAIO CANULEIO;VIA CAIO CANULEIO;;;Tamponamento;Incrocio;Una carreggiata a senso unico di marcia;Asciutto;Asfaltata;Verticale ed orizzontale;Sereno;Normale;Buona;Ore Diurne;0;0;0;2;12,56034;41,85323;-1;2;Autovettura privata;Allontanatosi;Conducente;F;Illeso;0;;Non accertato;Inesploso
3390978;10;11/07/2017 21:30;Strada Urbana;VIA TUSCOLANA;all'intersezione semaforizzata con;PIAZZA ASTI;PIAZZA ASTI;;;Scontro laterale fra veicoli in marcia;Intersezione stradale segnalata;Una carreggiata a doppio senso;Asciutto;Asfaltata;Verticale ed orizzontale;Sereno;Scarso;Sufficiente;Sufficiente;1;0;0;1;12,51966;41,88117;-1;1;Autovettura pubblica;In marcia / fermata / arresto;Conducente;M;Illeso;0;;Non accertato;Inesploso
3390978;10;11/07/2017 21:30;Strada Urbana;VIA TUSCOLANA;all'intersezione semaforizzata con;PIAZZA ASTI;PIAZZA ASTI;;;Scontro laterale fra veicoli in marcia;Intersezione stradale segnalata;Una carreggiata a doppio senso;Asciutto;Asfaltata;Verticale ed orizzontale;Sereno;Scarso;Sufficiente;Sufficiente;1;0;0;1;12,51966;41,88117;-1;2;Velocipede;In marcia / fermata / arresto;Conducente;M;Rifiuta cure immediate;0;NON DECEDUTO;Esente;
3390980;8;11/07/2017 09:30;Strada Urbana;VIA DI TOR BELLA MONACA;da specificare;;;;prox GRA direzione via Casilina;Tamponamento;Rettilineo;Una carreggiata a senso unico di marcia;Asciutto;Asfaltata;Verticale ed orizzontale;Sereno;Intenso;Buona;Ore Diurne;0;0;0;2;12,62375;41,87848;-1;1;Autocarro inferiore 35 q.;In marcia / fermata / arresto;Conducente;M;Illeso;0;;Non accertato;Inesploso
3390980;8;11/07/2017 09:30;Strada Urbana;VIA DI TOR BELLA MONACA;da specificare;;;;prox GRA direzione via Casilina;Tamponamento;Rettilineo;Una carreggiata a senso unico di marcia;Asciutto;Asfaltata;Verticale ed orizzontale;Sereno;Intenso;Buona;Ore Diurne;0;0;0;2;12,62375;41,87848;-1;2;Autovettura privata;In marcia / fermata / arresto;Conducente;F;Illeso;0;;Non accertato;Inesploso
3390981;10;11/07/2017 23:30;Strada Urbana;VIA APPIA NUOVA;all'intersezione con;VIA TORTONA;VIA TORTONA;;;Scontro laterale fra veicoli in marcia;Intersezione stradale segnalata;Due carreggiate;Asciutto;Asfaltata;Verticale ed orizzontale;Sereno;Normale;Buona;Sufficiente;0;0;0;2;12,51586;41,88024;-1;1;Autovettura privata;In marcia / fermata / arresto;Conducente;M;Illeso;0;;Non accertato;Inesploso
3390981;10;11/07/2017 23:30;Strada Urbana;VIA APPIA NUOVA;all'intersezione con;VIA TORTONA;VIA TORTONA;;;Scontro laterale fra veicoli in marcia;Intersezione stradale segnalata;Due carreggiate;Asciutto;Asfaltata;Verticale ed orizzontale;Sereno;Normale;Buona;Sufficiente;0;0;0;2;12,51586;41,88024;-1;2;Autovettura privata;In marcia / fermata / arresto;Conducente;F;Illeso;0;;Non accertato;Inesploso
3390983;5;11/07/2017 08:20;Strada Urbana;VIA DELLE MESSI D'ORO;da specificare;;;;fronte parcheggio;Scontro frontale/laterale SX fra veicoli in marcia;Rettilineo;Una carreggiata a doppio senso;Asciutto;Asfaltata;Assente;Sereno;Normale;Buona;Ore Diurne;1;0;0;1;12,5614;41,91973;-1;1;Motociclo a solo;In marcia / fermata / arresto;Conducente;M;Rimandato;0;NON DECEDUTO;Non accertato;
3390983;5;11/07/2017 08:20;Strada Urbana;VIA DELLE MESSI D'ORO;da specificare;;;;fronte parcheggio;Scontro frontale/laterale SX fra veicoli in marcia;Rettilineo;Una carreggiata a doppio senso;Asciutto;Asfaltata;Assente;Sereno;Normale;Buona;Ore Diurne;1;0;0;1;12,5614;41,91973;-1;2;Autovettura privata;In marcia / fermata / arresto;Conducente;F;Illeso;0;;Non accertato;
3390987;13;11/07/2017 20:05;Strada Urbana;PIAZZA ENER BETTICA;all'intersezione con;VIA CARLO BOSIO;VIA CARLO BOSIO;;;Scontro frontale/laterale SX fra veicoli in marcia;Incrocio;Una carreggiata a senso unico di marcia;Asciutto;Asfaltata;Verticale ed orizzontale;Sereno;Normale;Sufficiente;Sufficiente;1;0;0;1;12,27204;41,74009;-1;1;Motociclo a solo;In marcia / fermata / arresto;Conducente;M;Rimandato;0;NON DECEDUTO;Non accertato;
3390987;13;11/07/2017 20:05;Strada Urbana;PIAZZA ENER BETTICA;all'intersezione con;VIA CARLO BOSIO;VIA CARLO BOSIO;;;Scontro frontale/laterale SX fra veicoli in marcia;Incrocio;Una carreggiata a senso unico di marcia;Asciutto;Asfaltata;Verticale ed orizzontale;Sereno;Normale;Sufficiente;Sufficiente;1;0;0;1;12,27204;41,74009;-1;2;Autovettura privata;In marcia / fermata / arresto;Conducente;M;Illeso;0;;Non accertato;Inesploso
3390988;8;11/07/2017 14:30;Strada Urbana;VIA TORREGROTTA;all'intersezione con;VIA SAVOCA;VIA SAVOCA;;;Scontro laterale fra veicoli in marcia;Incrocio;Una carreggiata a doppio senso;Asciutto;Asfaltata;Verticale ed orizzontale;Sereno;Scarso;Buona;Ore Diurne;1;0;0;1;12,67683;41,86887;-1;1;Autovettura privata;In marcia / fermata / arresto;Conducente;M;Illeso;0;;Non accertato;Inesploso
3390988;8;11/07/2017 14:30;Strada Urbana;VIA TORREGROTTA;all'intersezione con;VIA SAVOCA;VIA SAVOCA;;;Scontro laterale fra veicoli in marcia;Incrocio;Una carreggiata a doppio senso;Asciutto;Asfaltata;Verticale ed orizzontale;Sereno;Scarso;Buona;Ore Diurne;1;0;0;1;12,67683;41,86887;-1;2;Motociclo a solo;In marcia / fermata / arresto;Conducente;F;Rimandato;0;NON DECEDUTO;Non accertato;
3390990;13;11/07/2017 18:00;Strada Urbana;VIA SAFFO;all'intersezione con;VIA FANOCLE;VIA FANOCLE;;;Scontro frontale/laterale SX fra veicoli in marcia;Incrocio;Una carreggiata a senso unico di marcia;Asciutto;Asfaltata;Verticale;Sereno;Normale;Sufficiente;Ore Diurne;0;0;0;4;12,36336;41,76563;-1;1;Autovettura privata;In marcia / fermata / arresto;Conducente;M;Illeso;0;;Non accertato;Inesploso
3390990;13;11/07/2017 18:00;Strada Urbana;VIA SAFFO;all'intersezione con;VIA FANOCLE;VIA FANOCLE;;;Scontro frontale/laterale SX fra veicoli in marcia;Incrocio;Una carreggiata a senso unico di marcia;Asciutto;Asfaltata;Verticale;Sereno;Normale;Sufficiente;Ore Diurne;0;0;0;4;12,36336;41,76563;-1;1;Autovettura privata;In marcia / fermata / arresto;Passeggero;M;Illeso;0;;Non accertato;Inesploso
3390990;13;11/07/2017 18:00;Strada Urbana;VIA SAFFO;all'intersezione con;VIA FANOCLE;VIA FANOCLE;;;Scontro frontale/laterale SX fra veicoli in marcia;Incrocio;Una carreggiata a senso unico di marcia;Asciutto;Asfaltata;Verticale;Sereno;Normale;Sufficiente;Ore Diurne;0;0;0;4;12,36336;41,76563;-1;2;Autovettura privata;In marcia / fermata / arresto;Conducente;F;Illeso;0;;Non accertato;Inesploso
3390990;13;11/07/2017 18:00;Strada Urbana;VIA SAFFO;all'intersezione con;VIA FANOCLE;VIA FANOCLE;;;Scontro frontale/laterale SX fra veicoli in marcia;Incrocio;Una carreggiata a senso unico di marcia;Asciutto;Asfaltata;Verticale;Sereno;Normale;Sufficiente;Ore Diurne;0;0;0;4;12,36336;41,76563;-1;2;Autovettura privata;In marcia / fermata / arresto;Passeggero;M;Illeso;0;;Non accertato;Inesploso
3390991;15;11/07/2017 16:15;Strada Urbana;VIA DELLA MAGLIANA;da specificare;;;;fronte civico 424;Scontro frontale/laterale SX fra veicoli in marcia;Rettilineo;Una carreggiata a senso unico di marcia;Asciutto;Asfaltata;Verticale ed orizzontale;Sereno;Normale;Buona;Ore Diurne;1;0;0;1;12,4243;41,83404;-1;1;Autovettura privata;In marcia / fermata / arresto;Conducente;M;Illeso;0;;Utilizzato;Inesploso
3390991;15;11/07/2017 16:15;Strada Urbana;VIA DELLA MAGLIANA;da specificare;;;;fronte civico 424;Scontro frontale/laterale SX fra veicoli in marcia;Rettilineo;Una carreggiata a senso unico di marcia;Asciutto;Asfaltata;Verticale ed orizzontale;Sereno;Normale;Buona;Ore Diurne;1;0;0;1;12,4243;41,83404;-1;2;Motociclo a solo;In marcia / fermata / arresto;Conducente;M;Rimandato;0;NON DECEDUTO;Utilizzato;
3391000;1;10/07/2017 08:15;Strada Urbana;VIA DELLE TERME DI DIOCLEZIANO;all'intersezione con;VIA GIOVANNI AMENDOLA;VIA GIOVANNI AMENDOLA;;;Scontro laterale fra veicoli in marcia;Incrocio;Una carreggiata a senso unico di marcia;Asciutto;Asfaltata;Verticale ed orizzontale;Sereno;Normale;Buona;Ore Diurne;0;0;0;3;12,49755;41,90155;-1;1;Autovettura pubblica;In marcia / fermata / arresto;Conducente;M;Illeso;0;;Non accertato;Inesploso
3391000;1;10/07/2017 08:15;Strada Urbana;VIA DELLE TERME DI DIOCLEZIANO;all'intersezione con;VIA GIOVANNI AMENDOLA;VIA GIOVANNI AMENDOLA;;;Scontro laterale fra veicoli in marcia;Incrocio;Una carreggiata a senso unico di marcia;Asciutto;Asfaltata;Verticale ed orizzontale;Sereno;Normale;Buona;Ore Diurne;0;0;0;3;12,49755;41,90155;-1;2;Autovettura privata;In marcia / fermata / arresto;Conducente;M;Illeso;0;;Non accertato;Inesploso
3391000;1;10/07/2017 08:15;Strada Urbana;VIA DELLE TERME DI DIOCLEZIANO;all'intersezione con;VIA GIOVANNI AMENDOLA;VIA GIOVANNI AMENDOLA;;;Scontro laterale fra veicoli in marcia;Incrocio;Una carreggiata a senso unico di marcia;Asciutto;Asfaltata;Verticale ed orizzontale;Sereno;Normale;Buona;Ore Diurne;0;0;0;3;12,49755;41,90155;-1;2;Autovettura privata;In marcia / fermata / arresto;Passeggero;F;Illeso;0;;Non accertato;Inesploso
3391001;5;11/07/2017 16:00;Strada Urbana;VIA MORRO D'ORO;all'intersezione con;VIA TURRIVALIGNANI;VIA TURRIVALIGNANI;;;Scontro frontale/laterale DX fra veicoli in marcia;Incrocio;Una carreggiata a doppio senso;Asciutto;Asfaltata;Verticale ed orizzontale;Sereno;Normale;Buona;Ore Diurne;0;0;0;2;12,64875;41,933;-1;1;Autobus di linea;In marcia / fermata / arresto;Conducente;M;Illeso;0;;Non accertato;Inesploso
3391001;5;11/07/2017 16:00;Strada Urbana;VIA MORRO D'ORO;all'intersezione con;VIA TURRIVALIGNANI;VIA TURRIVALIGNANI;;;Scontro frontale/laterale DX fra veicoli in marcia;Incrocio;Una carreggiata a doppio senso;Asciutto;Asfaltata;Verticale ed orizzontale;Sereno;Normale;Buona;Ore Diurne;0;0;0;2;12,64875;41,933;-1;2;Autovettura privata;In marcia / fermata / arresto;Conducente;F;Illeso;0;;Non accertato;Inesploso
3391004;13;11/07/2017 17:50;Strada Urbana;VIA DI CASTEL FUSANO;da specificare;;;;150 mt prima civ. 54;Infortunio per sola frenata improvvisa;Rettilineo;Una carreggiata a doppio senso;Asciutto;Asfaltata;Orizzontale;Sereno;Normale;Buona;Ore Diurne;0;1;0;0;12,31099;41,7478;-1;1;Motociclo a solo;In marcia / fermata / arresto;Conducente;M;Prognosi riservata;0;NON DECEDUTO;Non accertato;
3391006;5;11/07/2017 22:30;Strada Urbana;VIA TIBURTINA;in corrispondenza;;del civico n.;648;;Tamponamento Multiplo;Rettilineo;Due carreggiate;Asciutto;Asfaltata;Orizzontale;Sereno;Normale;Buona;Sufficiente;2;0;0;1;12,54784;41,90985;-1;1;Autovettura privata;In marcia / fermata / arresto;Conducente;M;Rimandato;0;NON DECEDUTO;Non accertato;
3391006;5;11/07/2017 22:30;Strada Urbana;VIA TIBURTINA;in corrispondenza;;del civico n.;648;;Tamponamento Multiplo;Rettilineo;Due carreggiate;Asciutto;Asfaltata;Orizzontale;Sereno;Normale;Buona;Sufficiente;2;0;0;1;12,54784;41,90985;-1;2;Autovettura privata;In marcia / fermata / arresto;Conducente;M;Rimandato;0;NON DECEDUTO;Non accertato;
3391006;5;11/07/2017 22:30;Strada Urbana;VIA TIBURTINA;in corrispondenza;;del civico n.;648;;Tamponamento Multiplo;Rettilineo;Due carreggiate;Asciutto;Asfaltata;Orizzontale;Sereno;Normale;Buona;Sufficiente;2;0;0;1;12,54784;41,90985;-1;3;Autovettura privata;In marcia / fermata / arresto;Conducente;M;Illeso;0;;Non accertato;
3391011;13;11/07/2017 11:20;Strada Urbana;LUNGOMARE LUTAZIO CATULO;all'intersezione semaforizzata con;VIA UGOLINO VIVALDI;VIA UGOLINO VIVALDI;;;Tamponamento;Intersezione semaforizzata;Due carreggiate;Asciutto;Asfaltata;Verticale ed orizzontale;Sereno;Normale;Buona;Ore Diurne;0;0;0;2;12,3107;41,71677;-1;1;Autovettura privata;In marcia / fermata / arresto;Conducente;M;Illeso;0;;Non accertato;Inesploso
3391011;13;11/07/2017 11:20;Strada Urbana;LUNGOMARE LUTAZIO CATULO;all'intersezione semaforizzata con;VIA UGOLINO VIVALDI;VIA UGOLINO VIVALDI;;;Tamponamento;Intersezione semaforizzata;Due carreggiate;Asciutto;Asfaltata;Verticale ed orizzontale;Sereno;Normale;Buona;Ore Diurne;0;0;0;2;12,3107;41,71677;-1;2;Autocarro inferiore 35 q.;In marcia / fermata / arresto;Conducente;M;Illeso;0;;Non accertato;Inesploso
3391014;20;12/07/2017 00:40;Strada Urbana;VIA TRIONFALE;da specificare;;;;fronte civico 11397;Veicolo in marcia contro ostacolo fisso;Rettilineo;Una carreggiata a doppio senso;Asciutto;Asfaltata;Verticale ed orizzontale;Sereno;Scarso;Sufficiente;Sufficiente;0;0;0;1;12,42294;41,94086;-1;1;Veicolo speciale;In marcia / fermata / arresto;Conducente;M;Illeso;0;;Non accertato;
3391018;20;11/07/2017 09:00;Strada Urbana;CORSO DI FRANCIA;da specificare;;;;prx. via Flaminia;Scontro laterale fra veicoli in marcia;Rettilineo;Due carreggiate;Asciutto;Asfaltata;Verticale ed orizzontale;Sereno;Normale;Buona;Ore Diurne;0;0;0;1;12,47256;41,93678;-1;1;Autovettura privata;In marcia / fermata / arresto;Conducente;F;Illeso;0;;Non accertato;
3391020;19;11/07/2017 15:50;Strada Urbana;VIA DI TORREVECCHIA;all'intersezione con;VIA FERRANTE RUIZ;VIA FERRANTE RUIZ;;;Scontro laterale fra veicoli in marcia;Incrocio;Una carreggiata a doppio senso;Asciutto;Asfaltata;Orizzontale;Sereno;Normale;Buona;Ore Diurne;0;0;0;2;12,41223;41,92332;-1;1;Autovettura privata;In marcia / fermata / arresto;Conducente;F;Illeso;0;;Non accertato;Inesploso
3391020;19;11/07/2017 15:50;Strada Urbana;VIA DI TORREVECCHIA;all'intersezione con;VIA FERRANTE RUIZ;VIA FERRANTE RUIZ;;;Scontro laterale fra veicoli in marcia;Incrocio;Una carreggiata a doppio senso;Asciutto;Asfaltata;Orizzontale;Sereno;Normale;Buona;Ore Diurne;0;0;0;2;12,41223;41,92332;-1;2;Motociclo a solo;In marcia / fermata / arresto;Conducente;M;Illeso;0;;Non accertato;
3391021;20;11/07/2017 10:00;Altra strada;VIALE DEL REDENTORE;da specificare;;;;strada che conguinge v. Cimit Montebello e vle A.C;Scontro laterale fra veicoli in marcia;Pendenza;Una carreggiata a doppio senso;Asciutto;Asfaltata;Assente;Sereno;Scarso;Buona;Ore Diurne;0;0;0;4;12,4916;42,01196;-1;1;Autovettura privata;In marcia / fermata / arresto;Conducente;M;Illeso;0;;Non accertato;
3391021;20;11/07/2017 10:00;Altra strada;VIALE DEL REDENTORE;da specificare;;;;strada che conguinge v. Cimit Montebello e vle A.C;Scontro laterale fra veicoli in marcia;Pendenza;Una carreggiata a doppio senso;Asciutto;Asfaltata;Assente;Sereno;Scarso;Buona;Ore Diurne;0;0;0;4;12,4916;42,01196;-1;2;Autovettura privata;In marcia / fermata / arresto;Conducente;M;Illeso;0;;Non accertato;
3391021;20;11/07/2017 10:00;Altra strada;VIALE DEL REDENTORE;da specificare;;;;strada che conguinge v. Cimit Montebello e vle A.C;Scontro laterale fra veicoli in marcia;Pendenza;Una carreggiata a doppio senso;Asciutto;Asfaltata;Assente;Sereno;Scarso;Buona;Ore Diurne;0;0;0;4;12,4916;42,01196;-1;2;Autovettura privata;In marcia / fermata / arresto;Passeggero;F;Illeso;0;;Non accertato;
3391021;20;11/07/2017 10:00;Altra strada;VIALE DEL REDENTORE;da specificare;;;;strada che conguinge v. Cimit Montebello e vle A.C;Scontro laterale fra veicoli in marcia;Pendenza;Una carreggiata a doppio senso;Asciutto;Asfaltata;Assente;Sereno;Scarso;Buona;Ore Diurne;0;0;0;4;12,4916;42,01196;-1;2;Autovettura privata;In marcia / fermata / arresto;Passeggero;F;Illeso;0;;Non accertato;
3391024;5;11/07/2017 16:40;Strada Urbana;VIA DI CASAL BIANCO;da specificare;;;;rotatoria Marco Simone;Scontro frontale/laterale DX fra veicoli in marcia;Rotatoria;Due carreggiate;Asciutto;Asfaltata;Verticale ed orizzontale;Sereno;Intenso;Buona;Ore Diurne;1;0;0;3;12,64523;41,94679;-1;1;Autovettura privata;In marcia / fermata / arresto;Conducente;M;Illeso;0;;Non accertato;
3391024;5;11/07/2017 16:40;Strada Urbana;VIA DI CASAL BIANCO;da specificare;;;;rotatoria Marco Simone;Scontro frontale/laterale DX fra veicoli in marcia;Rotatoria;Due carreggiate;Asciutto;Asfaltata;Verticale ed orizzontale;Sereno;Intenso;Buona;Ore Diurne;1;0;0;3;12,64523;41,94679;-1;1;Autovettura privata;In marcia / fermata / arresto;Passeggero;M;Illeso;0;;Non accertato;
3391024;5;11/07/2017 16:40;Strada Urbana;VIA DI CASAL BIANCO;da specificare;;;;rotatoria Marco Simone;Scontro frontale/laterale DX fra veicoli in marcia;Rotatoria;Due carreggiate;Asciutto;Asfaltata;Verticale ed orizzontale;Sereno;Intenso;Buona;Ore Diurne;1;0;0;3;12,64523;41,94679;-1;1;Autovettura privata;In marcia / fermata / arresto;Passeggero;M;Illeso;0;;Non accertato;
3391024;5;11/07/2017 16:40;Strada Urbana;VIA DI CASAL BIANCO;da specificare;;;;rotatoria Marco Simone;Scontro frontale/laterale DX fra veicoli in marcia;Rotatoria;Due carreggiate;Asciutto;Asfaltata;Verticale ed orizzontale;Sereno;Intenso;Buona;Ore Diurne;1;0;0;3;12,64523;41,94679;-1;2;Motociclo a solo;In marcia / fermata / arresto;Conducente;M;Rimandato;0;NON DECEDUTO;Non accertato;
3391029;16;11/07/2017 09:00;Strada Urbana;VIA FERDINANDO VEROSPI;all'intersezione con;VIA GIOVANNI BATTISTA CANOBI;VIA GIOVANNI BATTISTA CANOBI;;;Scontro frontale/laterale DX fra veicoli in marcia;Intersezione stradale segnalata;Due carreggiate;Asciutto;Asfaltata;Verticale ed orizzontale;Sereno;Normale;Buona;Ore Diurne;0;0;0;2;12,44759;41,87243;-1;1;Autovettura privata;In marcia / fermata / arresto;Conducente;M;Illeso;0;;;
3391029;16;11/07/2017 09:00;Strada Urbana;VIA FERDINANDO VEROSPI;all'intersezione con;VIA GIOVANNI BATTISTA CANOBI;VIA GIOVANNI BATTISTA CANOBI;;;Scontro frontale/laterale DX fra veicoli in marcia;Intersezione stradale segnalata;Due carreggiate;Asciutto;Asfaltata;Verticale ed orizzontale;Sereno;Normale;Buona;Ore Diurne;0;0;0;2;12,44759;41,87243;-1;2;Autovettura privata;In marcia / fermata / arresto;Conducente;M;Illeso;0;;Non accertato;Inesploso
3391030;19;11/07/2017 19:07;Strada Urbana;VIA VINCENZO TOMASSINI;in prossimità;;del civico n.;2;;Veicolo in marcia contro veicoli in sosta;Rettilineo;Una carreggiata a senso unico di marcia;Asciutto;Asfaltata;Orizzontale;Sereno;Normale;Buona;Ore Diurne;0;0;0;2;12,41545;41,92711;-1;1;Autovettura privata;In marcia / fermata / arresto;Conducente;F;Illeso;0;;Non accertato;Inesploso
3391030;19;11/07/2017 19:07;Strada Urbana;VIA VINCENZO TOMASSINI;in prossimità;;del civico n.;2;;Veicolo in marcia contro veicoli in sosta;Rettilineo;Una carreggiata a senso unico di marcia;Asciutto;Asfaltata;Orizzontale;Sereno;Normale;Buona;Ore Diurne;0;0;0;2;12,41545;41,92711;-1;3;Autovettura privata;In marcia / fermata / arresto;Conducente;M;Illeso;0;;Non accertato;Inesploso