Protocollo;Gruppo;DataOraIncidente;Localizzazione1;STRADA1;Localizzazione2;STRADA2;Strada02;Chilometrica;DaSpecificare;NaturaIncidente;particolaritastrade;TipoStrada;FondoStradale;Pavimentazione;Segnaletica;CondizioneAtmosferica;Traffico;Visibilita;Illuminazione;NUM_FERITI;NUM_RISERVATA;NUM_MORTI;NUM_ILLESI;Longitudine;Latitudine;Confermato;Progressivo;TipoVeicolo;StatoVeicolo;TipoPersona;Sesso;Tipolesione;Deceduto;DecedutoDopo;CinturaCascoUtilizzato;Airbag
3392516;8;12/07/2017 11:10;Strada Urbana;VIA RAOUL FOLLEREAU;all'intersezione con;VIA CATERINA USAI;VIA CATERINA USAI;;;Scontro frontale/laterale DX fra veicoli in marcia;Incrocio;Una carreggiata a doppio senso;Asciutto;Asfaltata;Verticale ed orizzontale;Sereno;Scarso;Buona;Ore Diurne;2;0;0;0;12,67527;41,8955;-1;2;Autovettura privata;In marcia / fermata / arresto;Conducente;F;Rifiuta cure immediate;0;NON DECEDUTO;Non accertato;Esploso
3392519;13;12/07/2017 09:25;Strada Urbana;VIA MANUEL DE FALLA;all'intersezione con;VIA MAURICE RAVEL;VIA MAURICE RAVEL;;;Scontro frontale/laterale SX fra veicoli in marcia;Incrocio;Una carreggiata a doppio senso;Asciutto;Asfaltata;Verticale ed orizzontale;Sereno;Normale;Buona;Ore Diurne;2;0;0;0;12,37152;41,7494;-1;1;Autovettura privata;In marcia / fermata / arresto;Conducente;M;Rimandato;0;NON DECEDUTO;Non accertato;Inesploso
3392519;13;12/07/2017 09:25;Strada Urbana;VIA MANUEL DE FALLA;all'intersezione con;VIA MAURICE RAVEL;VIA MAURICE RAVEL;;;Scontro frontale/laterale SX fra veicoli in marcia;Incrocio;Una carreggiata a doppio senso;Asciutto;Asfaltata;Verticale ed orizzontale;Sereno;Normale;Buona;Ore Diurne;2;0;0;0;12,37152;41,7494;-1;2;Autovettura privata;In marcia / fermata / arresto;Conducente;M;Rimandato;0;NON DECEDUTO;Non accertato;Inesploso
3392520;13;12/07/2017 10:20;Strada Urbana;PIAZZALE DELLA POSTA;in prossimità;;del civico n.;10;;Tamponamento Multiplo;Rettilineo;Una carreggiata a senso unico di marcia;Asciutto;Asfaltata;Verticale ed orizzontale;Sereno;Normale;Buona;Ore Diurne;0;0;0;3;12,65907;41,76908;-1;1;Autovettura privata;In marcia / fermata / arresto;Conducente;F;Illeso;0;;Non accertato;Inesploso
3392520;13;12/07/2017 10:20;Strada Urbana;PIAZZALE DELLA POSTA;in prossimità;;del civico n.;10;;Tamponamento Multiplo;Rettilineo;Una carreggiata a senso unico di marcia;Asciutto;Asfaltata;Verticale ed orizzontale;Sereno;Normale;Buona;Ore Diurne;0;0;0;3;12,65907;41,76908;-1;2;Autovettura privata;In marcia / fermata / arresto;Conducente;F;Illeso;0;;Non accertato;Inesploso
3392520;13;12/07/2017 10:20;Strada Urbana;PIAZZALE DELLA POSTA;in prossimità;;del civico n.;10;;Tamponamento Multiplo;Rettilineo;Una carreggiata a senso unico di marcia;Asciutto;Asfaltata;Verticale ed orizzontale;Sereno;Normale;Buona;Ore Diurne;0;0;0;3;12,65907;41,76908;-1;3;Autocarro inferiore 35 q.;In marcia / fermata / arresto;Conducente;M;Illeso;0;;Non accertato;Inesploso
3392521;15;12/07/2017 16:45;Strada Urbana;VIA GAETANO ASTOLFI;all'intersezione con;VIA LEONARDO GREPPI;VIA LEONARDO GREPPI;;;Scontro frontale/laterale DX fra veicoli in marcia;Incrocio;Una carreggiata a doppio senso;Asciutto;Asfaltata;Verticale ed orizzontale;Sereno;Normale;Buona;Ore Diurne;0;0;0;4;12,45787;41,86311;-1;1;Autovettura di polizia;In marcia / fermata / arresto;Conducente;M;Illeso;0;;;
3392521;15;12/07/2017 16:45;Strada Urbana;VIA GAETANO ASTOLFI;all'intersezione con;VIA LEONARDO GREPPI;VIA LEONARDO GREPPI;;;Scontro frontale/laterale DX fra veicoli in marcia;Incrocio;Una carreggiata a doppio senso;Asciutto;Asfaltata;Verticale ed orizzontale;Sereno;Normale;Buona;Ore Diurne;0;0;0;4;12,45787;41,86311;-1;1;Autovettura di polizia;In marcia / fermata / arresto;Passeggero;M;Illeso;0;;;
3392521;15;12/07/2017 16:45;Strada Urbana;VIA GAETANO ASTOLFI;all'intersezione con;VIA LEONARDO GREPPI;VIA LEONARDO GREPPI;;;Scontro frontale/laterale DX fra veicoli in marcia;Incrocio;Una carreggiata a doppio senso;Asciutto;Asfaltata;Verticale ed orizzontale;Sereno;Normale;Buona;Ore Diurne;0;0;0;4;12,45787;41,86311;-1;2;Ciclomotore;In marcia / fermata / arresto;Conducente;F;Illeso;0;;;
3392521;15;12/07/2017 16:45;Strada Urbana;VIA GAETANO ASTOLFI;all'intersezione con;VIA LEONARDO GREPPI;VIA LEONARDO GREPPI;;;Scontro frontale/laterale DX fra veicoli in marcia;Incrocio;Una carreggiata a doppio senso;Asciutto;Asfaltata;Verticale ed orizzontale;Sereno;Normale;Buona;Ore Diurne;0;0;0;4;12,45787;41,86311;-1;2;Ciclomotore;In marcia / fermata / arresto;Passeggero;F;Illeso;0;;;
3392522;13;12/07/2017 16:00;Strada Urbana;VIA PADRE MASSARUTI;all'intersezione con;VIA VALERIANO COBBE;VIA VALERIANO COBBE;;;Scontro frontale/laterale DX fra veicoli in marcia;Incrocio;Due carreggiate;Asciutto;Asfaltata;Verticale ed orizzontale;Sereno;Normale;Buona;Ore Diurne;0;0;0;4;12,35289;41,76435;-1;1;Autovettura privata;In marcia / fermata / arresto;Conducente;F;Illeso;0;;Non accertato;Inesploso
3392522;13;12/07/2017 16:00;Strada Urbana;VIA PADRE MASSARUTI;all'intersezione con;VIA VALERIANO COBBE;VIA VALERIANO COBBE;;;Scontro frontale/laterale DX fra veicoli in marcia;Incrocio;Due carreggiate;Asciutto;Asfaltata;Verticale ed orizzontale;Sereno;Normale;Buona;Ore Diurne;0;0;0;4;12,35289;41,76435;-1;1;Autovettura privata;In marcia / fermata / arresto;Passeggero;M;Illeso;0;;Non accertato;Inesploso
3392522;13;12/07/2017 16:00;Strada Urbana;VIA PADRE MASSARUTI;all'intersezione con;VIA VALERIANO COBBE;VIA VALERIANO COBBE;;;Scontro frontale/laterale DX fra veicoli in marcia;Incrocio;Due carreggiate;Asciutto;Asfaltata;Verticale ed orizzontale;Sereno;Normale;Buona;Ore Diurne;0;0;0;4;12,35289;41,76435;-1;1;Autovettura privata;In marcia / fermata / arresto;Passeggero;M;Illeso;0;;Non accertato;Inesploso
3392522;13;12/07/2017 16:00;Strada Urbana;VIA PADRE MASSARUTI;all'intersezione con;VIA VALERIANO COBBE;VIA VALERIANO COBBE;;;Scontro frontale/laterale DX fra veicoli in marcia;Incrocio;Due carreggiate;Asciutto;Asfaltata;Verticale ed orizzontale;Sereno;Normale;Buona;Ore Diurne;0;0;0;4;12,35289;41,76435;-1;2;Autovettura privata;In marcia / fermata / arresto;Conducente;M;Illeso;0;;Non accertato;Inesploso
3392525;13;12/07/2017 18:15;Strada Urbana;VIALE CHARLES LENORMANT;all'intersezione con;VIALE DEI ROMAGNOLI;VIALE DEI ROMAGNOLI;;;Investimento di pedone;Incrocio;Una carreggiata a doppio senso;Asciutto;Asfaltata;Verticale ed orizzontale;Sereno;Normale;Buona;Ore Diurne;1;0;0;3;12,33618;41,77529;-1;;;;Pedone;M;Rimandato;0;NON DECEDUTO;;
3392525;13;12/07/2017 18:15;Strada Urbana;VIALE CHARLES LENORMANT;all'intersezione con;VIALE DEI ROMAGNOLI;VIALE DEI ROMAGNOLI;;;Investimento di pedone;Incrocio;Una carreggiata a doppio senso;Asciutto;Asfaltata;Verticale ed orizzontale;Sereno;Normale;Buona;Ore Diurne;1;0;0;3;12,33618;41,77529;-1;1;Autovettura privata;In marcia / fermata / arresto;Conducente;M;Illeso;0;;Non accertato;Inesploso
3392525;13;12/07/2017 18:15;Strada Urbana;VIALE CHARLES LENORMANT;all'intersezione con;VIALE DEI ROMAGNOLI;VIALE DEI ROMAGNOLI;;;Investimento di pedone;Incrocio;Una carreggiata a doppio senso;Asciutto;Asfaltata;Verticale ed orizzontale;Sereno;Normale;Buona;Ore Diurne;1;0;0;3;12,33618;41,77529;-1;1;Autovettura privata;In marcia / fermata / arresto;Passeggero;F;Illeso;0;;Non accertato;Inesploso
3392525;13;12/07/2017 18:15;Strada Urbana;VIALE CHARLES LENORMANT;all'intersezione con;VIALE DEI ROMAGNOLI;VIALE DEI ROMAGNOLI;;;Investimento di pedone;Incrocio;Una carreggiata a doppio senso;Asciutto;Asfaltata;Verticale ed orizzontale;Sereno;Normale;Buona;Ore Diurne;1;0;0;3;12,33618;41,77529;-1;1;Autovettura privata;In marcia / fermata / arresto;Passeggero;F;Illeso;0;;Non accertato;Inesploso
3392526;13;12/07/2017 18:30;Strada Urbana;LUNGOMARE DUILIO;da specificare;;;;altezza stab. baln. PLINIUS;Scontro laterale fra veicoli in marcia;Rettilineo;Due carreggiate;Asciutto;Asfaltata;Verticale ed orizzontale;Sereno;Normale;Buona;Ore Diurne;0;0;0;2;12,29533;41,72264;-1;1;Autovettura privata;In marcia / fermata / arresto;Conducente;F;Illeso;0;;Non accertato;Inesploso
3392526;13;12/07/2017 18:30;Strada Urbana;LUNGOMARE DUILIO;da specificare;;;;altezza stab. baln. PLINIUS;Scontro laterale fra veicoli in marcia;Rettilineo;Due carreggiate;Asciutto;Asfaltata;Verticale ed orizzontale;Sereno;Normale;Buona;Ore Diurne;0;0;0;2;12,29533;41,72264;-1;2;Autocarro inferiore 35 q.;In marcia / fermata / arresto;Conducente;M;Illeso;0;;;
3392528;13;13/07/2017 01:20;Strada Urbana;PIAZZA QUARTO DEI MILLE;in corrispondenza;;del civico n.;5;;Veicolo in marcia contro veicolo in sosta;Rettilineo;Una carreggiata a doppio senso;Asciutto;Asfaltata;Verticale;Sereno;Scarso;Buona;Sufficiente;0;0;0;1;12,27402;41,73181;-1;1;Autovettura privata;In marcia / fermata / arresto;Conducente;M;Illeso;0;;;
3392530;15;12/07/2017 17:10;Strada Urbana;VIA DELLA MAGLIANA;da specificare;;;;fronte civico 227;Scontro laterale fra veicoli in marcia;Rettilineo;Una carreggiata a doppio senso;Asciutto;Asfaltata;Assente;Sereno;Intenso;Buona;Ore Diurne;1;0;0;3;12,4243;41,83404;-1;1;Autovettura privata;In marcia / fermata / arresto;Conducente;M;Illeso;0;;;
3392530;15;12/07/2017 17:10;Strada Urbana;VIA DELLA MAGLIANA;da specificare;;;;fronte civico 227;Scontro laterale fra veicoli in marcia;Rettilineo;Una carreggiata a doppio senso;Asciutto;Asfaltata;Assente;Sereno;Intenso;Buona;Ore Diurne;1;0;0;3;12,4243;41,83404;-1;1;Autovettura privata;In marcia / fermata / arresto;Passeggero;M;Illeso;0;;Utilizzato;Inesploso
3392530;15;12/07/2017 17:10;Strada Urbana;VIA DELLA MAGLIANA;da specificare;;;;fronte civico 227;Scontro laterale fra veicoli in marcia;Rettilineo;Una carreggiata a doppio senso;Asciutto;Asfaltata;Assente;Sereno;Intenso;Buona;Ore Diurne;1;0;0;3;12,4243;41,83404;-1;1;Autovettura privata;In marcia / fermata / arresto;Passeggero;F;Illeso;0;;Utilizzato;Inesploso
3392530;15;12/07/2017 17:10;Strada Urbana;VIA DELLA MAGLIANA;da specificare;;;;fronte civico 227;Scontro laterale fra veicoli in marcia;Rettilineo;Una carreggiata a doppio senso;Asciutto;Asfaltata;Assente;Sereno;Intenso;Buona;Ore Diurne;1;0;0;3;12,4243;41,83404;-1;2;Motociclo a solo;In marcia / fermata / arresto;Conducente;M;Rimandato;0;NON DECEDUTO;Utilizzato;
3392532;15;12/07/2017 13:30;Strada Urbana;VICOLO DI PAPA LEONE;all'intersezione con;VIALE ISACCO NEWTON;VIALE ISACCO NEWTON;;;Scontro frontale/laterale SX fra veicoli in marcia;Incrocio;Una carreggiata a doppio senso;Asciutto;Asfaltata;Verticale;Sereno;Scarso;Buona;Ore Diurne;0;0;0;2;12,44475;41,84343;-1;1;Autocarro inferiore 35 q.;In marcia / fermata / arresto;Conducente;M;Illeso;0;;Non accertato;Inesploso
3392532;15;12/07/2017 13:30;Strada Urbana;VICOLO DI PAPA LEONE;all'intersezione con;VIALE ISACCO NEWTON;VIALE ISACCO NEWTON;;;Scontro frontale/laterale SX fra veicoli in marcia;Incrocio;Una carreggiata a doppio senso;Asciutto;Asfaltata;Verticale;Sereno;Scarso;Buona;Ore Diurne;0;0;0;2;12,44475;41,84343;-1;2;Autovettura privata;In marcia / fermata / arresto;Conducente;M;Illeso;0;;Utilizzato;Inesploso
3392533;1;12/07/2017 12:45;Strada Urbana;PIAZZA DI S. GIOVANNI IN LATERANO;da specificare;;;;prossimita' PIAZZA PORTA S.GIOVANNI;Veicolo in marcia contro ostacolo accidentale;Curva a visuale libera;Due carreggiate;Viscido da liquidi oleosi;Asfaltata;Verticale ed orizzontale;Sereno;Normale;Buona;Ore Diurne;1;0;0;0;12,50763;41,88659;-1;1;Ciclomotore;In marcia / fermata / arresto;Conducente;F;Rimandato;0;NON DECEDUTO;Non accertato;
3392539;1;12/07/2017 12:00;Strada Urbana;VIA GUSTAVO MODENA;all'intersezione con;PIAZZA GIUDITTA TAVANI ARQUATI;PIAZZA GIUDITTA TAVANI ARQUATI;;;Scontro frontale/laterale SX fra veicoli in marcia;Intersezione stradale segnalata;Una carreggiata a senso unico di marcia;Asciutto;In cubetti di porfido;Verticale ed orizzontale;Sereno;Normale;Buona;Ore Diurne;0;0;0;4;12,47363;41,89008;-1;1;Autocarro inferiore 35 q.;In marcia / fermata / arresto;Conducente;M;Illeso;0;;;
3392539;1;12/07/2017 12:00;Strada Urbana;VIA GUSTAVO MODENA;all'intersezione con;PIAZZA GIUDITTA TAVANI ARQUATI;PIAZZA GIUDITTA TAVANI ARQUATI;;;Scontro frontale/laterale SX fra veicoli in marcia;Intersezione stradale segnalata;Una carreggiata a senso unico di marcia;Asciutto;In cubetti di porfido;Verticale ed orizzontale;Sereno;Normale;Buona;Ore Diurne;0;0;0;4;12,47363;41,89008;-1;1;Autocarro inferiore 35 q.;In marcia / fermata / arresto;Passeggero;M;Illeso;0;;;
3392539;1;12/07/2017 12:00;Strada Urbana;VIA GUSTAVO MODENA;all'intersezione con;PIAZZA GIUDITTA TAVANI ARQUATI;PIAZZA GIUDITTA TAVANI ARQUATI;;;Scontro frontale/laterale SX fra veicoli in marcia;Intersezione stradale segnalata;Una carreggiata a senso unico di marcia;Asciutto;In cubetti di porfido;Verticale ed orizzontale;Sereno;Normale;Buona;Ore Diurne;0;0;0;4;12,47363;41,89008;-1;2;Autovettura privata;In marcia / fermata / arresto;Conducente;M;Illeso;0;;;
3392539;1;12/07/2017 12:00;Strada Urbana;VIA GUSTAVO MODENA;all'intersezione con;PIAZZA GIUDITTA TAVANI ARQUATI;PIAZZA GIUDITTA TAVANI ARQUATI;;;Scontro frontale/laterale SX fra veicoli in marcia;Intersezione stradale segnalata;Una carreggiata a senso unico di marcia;Asciutto;In cubetti di porfido;Verticale ed orizzontale;Sereno;Normale;Buona;Ore Diurne;0;0;0;4;12,47363;41,89008;-1;2;Autovettura privata;In marcia / fermata / arresto;Passeggero;M;Illeso;0;;;
3392540;11;12/07/2017 18:10;Strada Urbana;VIA DEL SERAFICO;in prossimità;;del civico n.;46;;Scontro frontale/laterale SX fra veicoli in marcia;Rettilineo;Una carreggiata a doppio senso;Asciutto;Asfaltata;Orizzontale;Sereno;Normale;Buona;Ore Diurne;0;0;0;2;12,48396;41,82958;-1;1;Autovettura privata;In marcia / fermata / arresto;Conducente;M;Illeso;0;;Non accertato;
3392540;11;12/07/2017 18:10;Strada Urbana;VIA DEL SERAFICO;in prossimità;;del civico n.;46;;Scontro frontale/laterale SX fra veicoli in marcia;Rettilineo;Una carreggiata a doppio senso;Asciutto;Asfaltata;Orizzontale;Sereno;Normale;Buona;Ore Diurne;0;0;0;2;12,48396;41,82958;-1;2;Autovettura privata;In marcia / fermata / arresto;Conducente;M;Illeso;0;;Non accertato;
3392542;4;12/07/2017 15:30;Statale;VIA SALARIA;da specificare;;;;all'intersezione svincolo A1;Scontro frontale/laterale DX fra veicoli in marcia;Rettilineo;Due carreggiate;Asciutto;Asfaltata;Verticale ed orizzontale;Sereno;Normale;Buona;Ore Diurne;1;0;1;1;12,51164;41,98766;-1;1;Autoarticolato;In marcia / fermata / arresto;Conducente;M;Illeso;0;;Non accertato;
3392542;4;12/07/2017 15:30;Statale;VIA SALARIA;da specificare;;;;all'intersezione svincolo A1;Scontro frontale/laterale DX fra veicoli in marcia;Rettilineo;Due carreggiate;Asciutto;Asfaltata;Verticale ed orizzontale;Sereno;Normale;Buona;Ore Diurne;1;0;1;1;12,51164;41,98766;-1;2;Motociclo con passeggero;In marcia / fermata / arresto;Conducente;M;Deceduto durante prime cure;-1;;Non accertato;
3392542;4;12/07/2017 15:30;Statale;VIA SALARIA;da specificare;;;;all'intersezione svincolo A1;Scontro frontale/laterale DX fra veicoli in marcia;Rettilineo;Due carreggiate;Asciutto;Asfaltata;Verticale ed orizzontale;Sereno;Normale;Buona;Ore Diurne;1;0;1;1;12,51164;41,98766;-1;2;Motociclo con passeggero;In marcia / fermata / arresto;Passeggero;M;Rimandato;0;NON DECEDUTO;Non accertato;
3392546;11;13/07/2017 04:50;Strada Urbana;VIA DEL PONTE PISANO;da specificare;;;;altezza Paolo ACEA, 53;Ribaltamento senza urto contro ostacolo fisso;Rettilineo;Una carreggiata a doppio senso;Bagnato (umidità in atto);Asfaltata;Verticale ed orizzontale;Nebbia;Scarso;Insufficiente;Sufficiente;0;0;0;2;12,4078;41,84472;-1;1;Autovettura privata;In marcia / fermata / arresto;Conducente;M;Illeso;0;;Non accertato;
3392546;11;13/07/2017 04:50;Strada Urbana;VIA DEL PONTE PISANO;da specificare;;;;altezza Paolo ACEA, 53;Ribaltamento senza urto contro ostacolo fisso;Rettilineo;Una carreggiata a doppio senso;Bagnato (umidità in atto);Asfaltata;Verticale ed orizzontale;Nebbia;Scarso;Insufficiente;Sufficiente;0;0;0;2;12,4078;41,84472;-1;1;Autovettura privata;In marcia / fermata / arresto;Passeggero;M;Illeso;0;;Non accertato;Inesploso
3392551;20;12/07/2017 14:55;Strada Urbana;VIA DEGLI ORTI DELLA FARNESINA;in corrispondenza;;del civico n.;16;;Veicolo in marcia contro veicolo in sosta;Rettilineo;Una carreggiata a doppio senso;Asciutto;Asfaltata;Verticale ed orizzontale;Sereno;Scarso;Buona;Ore Diurne;1;0;0;0;12,4637;41,9398;-1;1;Autovettura privata;In marcia / fermata / arresto;Conducente;F;Rimandato;0;NON DECEDUTO;Non accertato;Inesploso
3392552;19;12/07/2017 19:15;Strada Urbana;VIA GIOVANNI X;in prossimità;;del civico n.;2;;Investimento di pedone;Rettilineo;Una carreggiata a doppio senso;Asciutto;Asfaltata;Verticale ed orizzontale;Sereno;Normale;Buona;Ore Diurne;1;0;0;2;12,41454;41,91417;-1;;;;Pedone;M;Rimandato;0;NON DECEDUTO;;
3392552;19;12/07/2017 19:15;Strada Urbana;VIA GIOVANNI X;in prossimità;;del civico n.;2;;Investimento di pedone;Rettilineo;Una carreggiata a doppio senso;Asciutto;Asfaltata;Verticale ed orizzontale;Sereno;Normale;Buona;Ore Diurne;1;0;0;2;12,41454;41,91417;-1;1;Autovettura privata;In marcia / fermata / arresto;Conducente;M;Illeso;0;;;
3392552;19;12/07/2017 19:15;Strada Urbana;VIA GIOVANNI X;in prossimità;;del civico n.;2;;Investimento di pedone;Rettilineo;Una carreggiata a doppio senso;Asciutto;Asfaltata;Verticale ed orizzontale;Sereno;Normale;Buona;Ore Diurne;1;0;0;2;12,41454;41,91417;-1;1;Autovettura privata;In marcia / fermata / arresto;Passeggero;F;Illeso;0;;;
3392559;6;12/07/2017 20:40;Strada Urbana;VIA ANDRIA;all'intersezione con;VIA MELISSANO;VIA MELISSANO;;;Scontro frontale/laterale DX fra veicoli in marcia;Incrocio;Più di due carreggiate;Asciutto;Asfaltata;Verticale ed orizzontale;Sereno;Scarso;Sufficiente;Sufficiente;1;0;0;1;12,66387;41,89014;-1;1;Autovettura privata;In marcia / fermata / arresto;Conducente;F;Illeso;0;;;
3392559;6;12/07/2017 20:40;Strada Urbana;VIA ANDRIA;all'intersezione con;VIA MELISSANO;VIA MELISSANO;;;Scontro frontale/laterale DX fra veicoli in marcia;Incrocio;Più di due carreggiate;Asciutto;Asfaltata;Verticale ed orizzontale;Sereno;Scarso;Sufficiente;Sufficiente;1;0;0;1;12,66387;41,89014;-1;2;Autovettura privata;In marcia / fermata / arresto;Conducente;M;Rimandato;0;NON DECEDUTO;;
3392562;1;12/07/2017 16:30;Strada Urbana;VIA PRINCIPE AMEDEO;in corrispondenza;;del civico n.;7;;Veicolo in marcia contro veicolo fermo;Rettilineo;Una carreggiata a senso unico di marcia;Asciutto;Asfaltata;Verticale ed orizzontale;Sereno;Normale;Buona;Ore Diurne;0;0;0;2;12,49791;41,90017;-1;1;Autovettura privata;In marcia / fermata / arresto;Conducente;F;Illeso;0;;;
3392562;1;12/07/2017 16:30;Strada Urbana;VIA PRINCIPE AMEDEO;in corrispondenza;;del civico n.;7;;Veicolo in marcia contro veicolo fermo;Rettilineo;Una carreggiata a senso unico di marcia;Asciutto;Asfaltata;Verticale ed orizzontale;Sereno;Normale;Buona;Ore Diurne;0;0;0;2;12,49791;41,90017;-1;2;Autovettura privata;In marcia / fermata / arresto;Conducente;M;Illeso;0;;;
3392570;20;12/07/2017 18:15;Strada Urbana;PIAZZALE DELLA FARNESINA;da specificare;;;;Alt. v.le Ministero AA EE;Scontro frontale fra veicoli in marcia;Rettilineo;Una carreggiata a doppio senso;Asciutto;Asfaltata;Orizzontale;Sereno;Scarso;Buona;Ore Diurne;1;0;0;1;12,46079;41,93665;-1;1;Autovettura privata;In marcia / fermata / arresto;Conducente;M;Illeso;0;;;
3392570;20;12/07/2017 18:15;Strada Urbana;PIAZZALE DELLA FARNESINA;da specificare;;;;Alt. v.le Ministero AA EE;Scontro frontale fra veicoli in marcia;Rettilineo;Una carreggiata a doppio senso;Asciutto;Asfaltata;Orizzontale;Sereno;Scarso;Buona;Ore Diurne;1;0;0;1;12,46079;41,93665;-1;2;Ciclomotore;In marcia / fermata / arresto;Conducente;M;Rimandato;0;NON DECEDUTO;;
3392571;20;12/07/2017 09:15;Regionale entro l'abitato;VIA CASSIA;da specificare;;;;corrispondenza fronte civico 952;Investimento di pedone;Rettilineo;Una carreggiata a doppio senso;Asciutto;Asfaltata;Verticale ed orizzontale;Sereno;Normale;Buona;Ore Diurne;0;0;0;2;12,4304;41,97245;-1;;;;Pedone;F;Illeso;0;;;
3392571;20;12/07/2017 09:15;Regionale entro l'abitato;VIA CASSIA;da specificare;;;;corrispondenza fronte civico 952;Investimento di pedone;Rettilineo;Una carreggiata a doppio senso;Asciutto;Asfaltata;Verticale ed orizzontale;Sereno;Normale;Buona;Ore Diurne;0;0;0;2;12,4304;41,97245;-1;1;Autovettura privata;In marcia / fermata / arresto;Conducente;M;Illeso;0;;Non accertato;Inesploso
3392582;20;12/07/2017 17:30;Altra strada;VIA CAMPOSAMPIERO;in corrispondenza;;del civico n.;116;;Scontro frontale/laterale DX fra veicoli in marcia;Rettilineo;Una carreggiata a doppio senso;Asciutto;Asfaltata;Assente;Sereno;Scarso;Buona;Ore Diurne;0;0;0;2;12,49406;41,94864;-1;1;Autovettura privata;In marcia / fermata / arresto;Conducente;F;Illeso;0;;Non accertato;Inesploso
3392582;20;12/07/2017 17:30;Altra strada;VIA CAMPOSAMPIERO;in corrispondenza;;del civico n.;116;;Scontro frontale/laterale DX fra veicoli in marcia;Rettilineo;Una carreggiata a doppio senso;Asciutto;Asfaltata;Assente;Sereno;Scarso;Buona;Ore Diurne;0;0;0;2;12,49406;41,94864;-1;2;Autovettura privata;In marcia / fermata / arresto;Conducente;M;Illeso;0;;Non accertato;Inesploso
3392592;7;12/07/2017 13:00;Strada Urbana;VIA DEI CASTANI;in corrispondenza;;del civico n.;169;;Investimento di pedone;Rettilineo;Una carreggiata a doppio senso;Asciutto;Asfaltata;Verticale ed orizzontale;Sereno;Normale;Buona;Ore Diurne;1;0;0;1;12,56658;41,88394;-1;;;;Pedone;F;Ricoverato;0;NON DECEDUTO;;
3392592;7;12/07/2017 13:00;Strada Urbana;VIA DEI CASTANI;in corrispondenza;;del civico n.;169;;Investimento di pedone;Rettilineo;Una carreggiata a doppio senso;Asciutto;Asfaltata;Verticale ed orizzontale;Sereno;Normale;Buona;Ore Diurne;1;0;0;1;12,56658;41,88394;-1;1;Autovettura privata;In marcia / fermata / arresto;Conducente;F;Illeso;0;;Non accertato;Inesploso
3392593;1;12/07/2017 17:00;Strada Urbana;VIA BIXIO;in prossimità;;del civico n.;22;;Tamponamento;Rettilineo;Una carreggiata a senso unico di marcia;Asciutto;Asfaltata;Verticale ed orizzontale;Sereno;Normale;Buona;Ore Diurne;0;0;0;5;12,50958;41,89445;-1;1;Autovettura privata;In marcia / fermata / arresto;Conducente;M;Illeso;0;;Non accertato;Inesploso
3392593;1;12/07/2017 17:00;Strada Urbana;VIA BIXIO;in prossimità;;del civico n.;22;;Tamponamento;Rettilineo;Una carreggiata a senso unico di marcia;Asciutto;Asfaltata;Verticale ed orizzontale;Sereno;Normale;Buona;Ore Diurne;0;0;0;5;12,50958;41,89445;-1;2;Autovettura privata;In marcia / fermata / arresto;Conducente;F;Illeso;0;;Non utilizzato;Inesploso
3392593;1;12/07/2017 17:00;Strada Urbana;VIA BIXIO;in prossimità;;del civico n.;22;;Tamponamento;Rettilineo;Una carreggiata a senso unico di marcia;Asciutto;Asfaltata;Verticale ed orizzontale;Sereno;Normale;Buona;Ore Diurne;0;0;0;5;12,50958;41,89445;-1;2;Autovettura privata;In marcia / fermata / arresto;Passeggero;F;Illeso;0;;Non accertato;
3392593;1;12/07/2017 17:00;Strada Urbana;VIA BIXIO;in prossimità;;del civico n.;22;;Tamponamento;Rettilineo;Una carreggiata a senso unico di marcia;Asciutto;Asfaltata;Verticale ed orizzontale;Sereno;Normale;Buona;Ore Diurne;0;0;0;5;12,50958;41,89445;-1;2;Autovettura privata;In marcia / fermata / arresto;Passeggero;F;Illeso;0;;;
3392593;1;12/07/2017 17:00;Strada Urbana;VIA BIXIO;in prossimità;;del civico n.;22;;Tamponamento;Rettilineo;Una carreggiata a senso unico di marcia;Asciutto;Asfaltata;Verticale ed orizzontale;Sereno;Normale;Buona;Ore Diurne;0;0;0;5;12,50958;41,89445;-1;2;Autovettura privata;In marcia / fermata / arresto;Passeggero;M;Illeso;0;;;
3392599;4;12/07/2017 09:40;Provinciale;VIA NOMENTANA;da specificare;;;;75 mt. circa dopo il civ. 1252 direzione Roma;Tamponamento Multiplo;Rettilineo;Una carreggiata a doppio senso;Asciutto;Asfaltata;Verticale ed orizzontale;Sereno;Normale;Buona;Ore Diurne;4;0;0;0;12,55426;41,94185;-1;1;Autovettura privata;In marcia / fermata / arresto;Conducente;F;Rimandato;0;NON DECEDUTO;;
3392599;4;12/07/2017 09:40;Provinciale;VIA NOMENTANA;da specificare;;;;75 mt. circa dopo il civ. 1252 direzione Roma;Tamponamento Multiplo;Rettilineo;Una carreggiata a doppio senso;Asciutto;Asfaltata;Verticale ed orizzontale;Sereno;Normale;Buona;Ore Diurne;4;0;0;0;12,55426;41,94185;-1;2;Autovettura privata;In marcia / fermata / arresto;Conducente;M;Rimandato;0;NON DECEDUTO;;