Protocollo;Gruppo;DataOraIncidente;Localizzazione1;STRADA1;Localizzazione2;STRADA2;Strada02;Chilometrica;DaSpecificare;NaturaIncidente;particolaritastrade;TipoStrada;FondoStradale;Pavimentazione;Segnaletica;CondizioneAtmosferica;Traffico;Visibilita;Illuminazione;NUM_FERITI;NUM_RISERVATA;NUM_MORTI;NUM_ILLESI;Longitudine;Latitudine;Confermato;Progressivo;TipoVeicolo;StatoVeicolo;TipoPersona;Sesso;Tipolesione;Deceduto;DecedutoDopo;CinturaCascoUtilizzato;Airbag
3396663;12;15/07/2017 11:30;Regionale;VIA PONTINA;da specificare;;;;dir.Pomezia pross. 16,100;Veicolo in marcia contro veicoli in arresto;Rettilineo;Due carreggiate;Asciutto;Asfaltata;Orizzontale;Sereno;Intenso;Buona;Ore Diurne;1;0;0;6;12,4415;41,74695;-1;1;Autovettura privata;In marcia / fermata / arresto;Passeggero;F;Illeso;0;;Non accertato;Inesploso
3396663;12;15/07/2017 11:30;Regionale;VIA PONTINA;da specificare;;;;dir.Pomezia pross. 16,100;Veicolo in marcia contro veicoli in arresto;Rettilineo;Due carreggiate;Asciutto;Asfaltata;Orizzontale;Sereno;Intenso;Buona;Ore Diurne;1;0;0;6;12,4415;41,74695;-1;1;Autovettura privata;In marcia / fermata / arresto;Passeggero;F;Illeso;0;;Non accertato;Inesploso
3396663;12;15/07/2017 11:30;Regionale;VIA PONTINA;da specificare;;;;dir.Pomezia pross. 16,100;Veicolo in marcia contro veicoli in arresto;Rettilineo;Due carreggiate;Asciutto;Asfaltata;Orizzontale;Sereno;Intenso;Buona;Ore Diurne;1;0;0;6;12,4415;41,74695;-1;1;Autovettura privata;In marcia / fermata / arresto;Passeggero;F;Illeso;0;;Non accertato;Inesploso
3396663;12;15/07/2017 11:30;Regionale;VIA PONTINA;da specificare;;;;dir.Pomezia pross. 16,100;Veicolo in marcia contro veicoli in arresto;Rettilineo;Due carreggiate;Asciutto;Asfaltata;Orizzontale;Sereno;Intenso;Buona;Ore Diurne;1;0;0;6;12,4415;41,74695;-1;2;Autovettura privata;In marcia / fermata / arresto;Conducente;M;Illeso;0;;Non accertato;Inesploso
3396663;12;15/07/2017 11:30;Regionale;VIA PONTINA;da specificare;;;;dir.Pomezia pross. 16,100;Veicolo in marcia contro veicoli in arresto;Rettilineo;Due carreggiate;Asciutto;Asfaltata;Orizzontale;Sereno;Intenso;Buona;Ore Diurne;1;0;0;6;12,4415;41,74695;-1;2;Autovettura privata;In marcia / fermata / arresto;Passeggero;F;Rimandato;0;NON DECEDUTO;Non accertato;Inesploso
3396663;12;15/07/2017 11:30;Regionale;VIA PONTINA;da specificare;;;;dir.Pomezia pross. 16,100;Veicolo in marcia contro veicoli in arresto;Rettilineo;Due carreggiate;Asciutto;Asfaltata;Orizzontale;Sereno;Intenso;Buona;Ore Diurne;1;0;0;6;12,4415;41,74695;-1;3;Autovettura privata;In marcia / fermata / arresto;Conducente;F;Illeso;0;;Non accertato;Inesploso
3396665;13;15/07/2017 11:00;Strada Urbana;VIA ASOLA;all'intersezione con;VIA CALVATONE;VIA CALVATONE;;;Scontro frontale/laterale SX fra veicoli in marcia;Incrocio;Una carreggiata a doppio senso;Asciutto;Asfaltata;Verticale;Sereno;Scarso;Buona;Ore Diurne;2;0;0;1;12,33002;41,78098;-1;1;Autovettura privata;In marcia / fermata / arresto;Conducente;M;Rimandato;0;NON DECEDUTO;Non accertato;Inesploso
3396665;13;15/07/2017 11:00;Strada Urbana;VIA ASOLA;all'intersezione con;VIA CALVATONE;VIA CALVATONE;;;Scontro frontale/laterale SX fra veicoli in marcia;Incrocio;Una carreggiata a doppio senso;Asciutto;Asfaltata;Verticale;Sereno;Scarso;Buona;Ore Diurne;2;0;0;1;12,33002;41,78098;-1;2;Autovettura privata;In marcia / fermata / arresto;Conducente;M;Rimandato;0;NON DECEDUTO;Non accertato;Inesploso
3396665;13;15/07/2017 11:00;Strada Urbana;VIA ASOLA;all'intersezione con;VIA CALVATONE;VIA CALVATONE;;;Scontro frontale/laterale SX fra veicoli in marcia;Incrocio;Una carreggiata a doppio senso;Asciutto;Asfaltata;Verticale;Sereno;Scarso;Buona;Ore Diurne;2;0;0;1;12,33002;41,78098;-1;2;Autovettura privata;In marcia / fermata / arresto;Passeggero;M;Illeso;0;;Non accertato;Inesploso
3396673;8;15/07/2017 14:15;Strada Urbana;VIALE NUSCO;all'intersezione con;VIA MONTEMARANO;VIA MONTEMARANO;;;Scontro frontale/laterale DX fra veicoli in marcia;Incrocio;Una carreggiata a doppio senso;Asciutto;Asfaltata;Verticale ed orizzontale;Sereno;Scarso;Buona;Ore Diurne;1;0;0;3;12,6305;41,89165;-1;1;Autovettura privata;In marcia / fermata / arresto;Conducente;M;Illeso;0;;Non accertato;Inesploso
3396673;8;15/07/2017 14:15;Strada Urbana;VIALE NUSCO;all'intersezione con;VIA MONTEMARANO;VIA MONTEMARANO;;;Scontro frontale/laterale DX fra veicoli in marcia;Incrocio;Una carreggiata a doppio senso;Asciutto;Asfaltata;Verticale ed orizzontale;Sereno;Scarso;Buona;Ore Diurne;1;0;0;3;12,6305;41,89165;-1;1;Autovettura privata;In marcia / fermata / arresto;Passeggero;M;Illeso;0;;Non accertato;Inesploso
3396673;8;15/07/2017 14:15;Strada Urbana;VIALE NUSCO;all'intersezione con;VIA MONTEMARANO;VIA MONTEMARANO;;;Scontro frontale/laterale DX fra veicoli in marcia;Incrocio;Una carreggiata a doppio senso;Asciutto;Asfaltata;Verticale ed orizzontale;Sereno;Scarso;Buona;Ore Diurne;1;0;0;3;12,6305;41,89165;-1;2;Autovettura privata;In marcia / fermata / arresto;Conducente;M;Illeso;0;;Non accertato;Inesploso
3396673;8;15/07/2017 14:15;Strada Urbana;VIALE NUSCO;all'intersezione con;VIA MONTEMARANO;VIA MONTEMARANO;;;Scontro frontale/laterale DX fra veicoli in marcia;Incrocio;Una carreggiata a doppio senso;Asciutto;Asfaltata;Verticale ed orizzontale;Sereno;Scarso;Buona;Ore Diurne;1;0;0;3;12,6305;41,89165;-1;2;Autovettura privata;In marcia / fermata / arresto;Passeggero;F;Rimandato;0;NON DECEDUTO;Non accertato;Inesploso
3396689;13;15/07/2017 09:15;Strada Urbana;VIA UMBERTO LILLONI;in prossimità;;del civico n.;36;;Tamponamento;Rettilineo;Una carreggiata a senso unico di marcia;Asciutto;Asfaltata;Verticale ed orizzontale;Sereno;Scarso;Buona;Ore Diurne;0;0;0;3;12,34843;41,77634;-1;1;Autovettura privata;In marcia / fermata / arresto;Conducente;M;Illeso;0;;Non accertato;Inesploso
3396689;13;15/07/2017 09:15;Strada Urbana;VIA UMBERTO LILLONI;in prossimità;;del civico n.;36;;Tamponamento;Rettilineo;Una carreggiata a senso unico di marcia;Asciutto;Asfaltata;Verticale ed orizzontale;Sereno;Scarso;Buona;Ore Diurne;0;0;0;3;12,34843;41,77634;-1;2;Autocarro inferiore 35 q.;In marcia / fermata / arresto;Conducente;M;Illeso;0;;Non accertato;Inesploso
3396689;13;15/07/2017 09:15;Strada Urbana;VIA UMBERTO LILLONI;in prossimità;;del civico n.;36;;Tamponamento;Rettilineo;Una carreggiata a senso unico di marcia;Asciutto;Asfaltata;Verticale ed orizzontale;Sereno;Scarso;Buona;Ore Diurne;0;0;0;3;12,34843;41,77634;-1;2;Autocarro inferiore 35 q.;In marcia / fermata / arresto;Passeggero;M;Illeso;0;;Non accertato;Inesploso
3396697;13;15/07/2017 15:30;Strada Urbana;VIALE DELLA PINETA DI OSTIA;in prossimità;;del civico n.;58;;Scontro frontale/laterale DX fra veicoli in marcia;Rettilineo;Una carreggiata a doppio senso;Bagnato (pioggia);Asfaltata;Assente;Sereno;Scarso;Buona;Ore Diurne;0;0;0;2;12,28527;41,72785;-1;1;Autovettura privata;In marcia / fermata / arresto;Conducente;M;Illeso;0;;Non accertato;Inesploso
3396697;13;15/07/2017 15:30;Strada Urbana;VIALE DELLA PINETA DI OSTIA;in prossimità;;del civico n.;58;;Scontro frontale/laterale DX fra veicoli in marcia;Rettilineo;Una carreggiata a doppio senso;Bagnato (pioggia);Asfaltata;Assente;Sereno;Scarso;Buona;Ore Diurne;0;0;0;2;12,28527;41,72785;-1;2;Autovettura privata;In marcia / fermata / arresto;Conducente;M;Illeso;0;;Non accertato;Inesploso
3396700;20;15/07/2017 12:30;Strada Urbana;VIA GIOVAMBATTISTA ANDREINI;in corrispondenza;;del civico n.;6;;Veicolo in marcia contro veicolo in sosta;Rettilineo;Una carreggiata a doppio senso;Asciutto;Asfaltata;Assente;Sereno;Scarso;Buona;Ore Diurne;1;0;0;0;12,38376;42,01239;-1;1;Autocarro inferiore 35 q.;In marcia / fermata / arresto;Conducente;M;Rimandato;0;NON DECEDUTO;Non accertato;Inesploso
3396720;20;15/07/2017 10:45;Strada Urbana;VIA DEGLI ORTI DELLA FARNESINA;all'intersezione con;VIA ANTONINO DI GIORGIO;VIA ANTONINO DI GIORGIO;;;Scontro laterale fra veicoli in marcia;Intersezione non regolata/non segnalata;Una carreggiata a doppio senso;Asciutto;Asfaltata;Verticale ed orizzontale;Sereno;Scarso;Buona;Ore Diurne;0;0;0;3;12,46217;41,94238;-1;1;Autovettura privata;In marcia / fermata / arresto;Conducente;M;Illeso;0;;Non accertato;Inesploso
3396720;20;15/07/2017 10:45;Strada Urbana;VIA DEGLI ORTI DELLA FARNESINA;all'intersezione con;VIA ANTONINO DI GIORGIO;VIA ANTONINO DI GIORGIO;;;Scontro laterale fra veicoli in marcia;Intersezione non regolata/non segnalata;Una carreggiata a doppio senso;Asciutto;Asfaltata;Verticale ed orizzontale;Sereno;Scarso;Buona;Ore Diurne;0;0;0;3;12,46217;41,94238;-1;2;Autovettura privata;In marcia / fermata / arresto;Conducente;F;Illeso;0;;Non accertato;Inesploso
3396720;20;15/07/2017 10:45;Strada Urbana;VIA DEGLI ORTI DELLA FARNESINA;all'intersezione con;VIA ANTONINO DI GIORGIO;VIA ANTONINO DI GIORGIO;;;Scontro laterale fra veicoli in marcia;Intersezione non regolata/non segnalata;Una carreggiata a doppio senso;Asciutto;Asfaltata;Verticale ed orizzontale;Sereno;Scarso;Buona;Ore Diurne;0;0;0;3;12,46217;41,94238;-1;2;Autovettura privata;In marcia / fermata / arresto;Passeggero;F;Illeso;0;;;
3396727;20;15/07/2017 18:40;Strada Urbana;VIA DI PRATO CORAZZA;in prossimità;;del civico n.;46;;Scontro laterale fra veicoli in marcia;Rettilineo;Una carreggiata a doppio senso;Asciutto;Asfaltata;Assente;Sereno;Intenso;Buona;Ore Diurne;0;0;0;4;12,33752;42,08129;-1;1;Autovettura privata;In marcia / fermata / arresto;Conducente;M;Illeso;0;;Non accertato;Inesploso
3396727;20;15/07/2017 18:40;Strada Urbana;VIA DI PRATO CORAZZA;in prossimità;;del civico n.;46;;Scontro laterale fra veicoli in marcia;Rettilineo;Una carreggiata a doppio senso;Asciutto;Asfaltata;Assente;Sereno;Intenso;Buona;Ore Diurne;0;0;0;4;12,33752;42,08129;-1;1;Autovettura privata;In marcia / fermata / arresto;Passeggero;F;Illeso;0;;Non accertato;Inesploso
3396727;20;15/07/2017 18:40;Strada Urbana;VIA DI PRATO CORAZZA;in prossimità;;del civico n.;46;;Scontro laterale fra veicoli in marcia;Rettilineo;Una carreggiata a doppio senso;Asciutto;Asfaltata;Assente;Sereno;Intenso;Buona;Ore Diurne;0;0;0;4;12,33752;42,08129;-1;1;Autovettura privata;In marcia / fermata / arresto;Passeggero;M;Illeso;0;;Non accertato;Inesploso
3396727;20;15/07/2017 18:40;Strada Urbana;VIA DI PRATO CORAZZA;in prossimità;;del civico n.;46;;Scontro laterale fra veicoli in marcia;Rettilineo;Una carreggiata a doppio senso;Asciutto;Asfaltata;Assente;Sereno;Intenso;Buona;Ore Diurne;0;0;0;4;12,33752;42,08129;-1;2;Autovettura privata;In marcia / fermata / arresto;Conducente;M;Illeso;0;;Non accertato;Inesploso
3396747;20;15/07/2017 19:00;Provinciale entro l'abitato;VIA BRACCIANENSE;da specificare;;;;prossimità Via quero;Tamponamento Multiplo;Rettilineo;Una carreggiata a doppio senso;Asciutto;Asfaltata;Verticale ed orizzontale;Sereno;Normale;Buona;Ore Diurne;0;0;0;7;12,30384;42,0335;-1;1;Autovettura privata;In marcia / fermata / arresto;Conducente;M;Illeso;0;;Non accertato;Inesploso
3396747;20;15/07/2017 19:00;Provinciale entro l'abitato;VIA BRACCIANENSE;da specificare;;;;prossimità Via quero;Tamponamento Multiplo;Rettilineo;Una carreggiata a doppio senso;Asciutto;Asfaltata;Verticale ed orizzontale;Sereno;Normale;Buona;Ore Diurne;0;0;0;7;12,30384;42,0335;-1;1;Autovettura privata;In marcia / fermata / arresto;Passeggero;F;Illeso;0;;Non accertato;Inesploso
3396747;20;15/07/2017 19:00;Provinciale entro l'abitato;VIA BRACCIANENSE;da specificare;;;;prossimità Via quero;Tamponamento Multiplo;Rettilineo;Una carreggiata a doppio senso;Asciutto;Asfaltata;Verticale ed orizzontale;Sereno;Normale;Buona;Ore Diurne;0;0;0;7;12,30384;42,0335;-1;1;Autovettura privata;In marcia / fermata / arresto;Passeggero;F;Illeso;0;;Non accertato;Inesploso
3396747;20;15/07/2017 19:00;Provinciale entro l'abitato;VIA BRACCIANENSE;da specificare;;;;prossimità Via quero;Tamponamento Multiplo;Rettilineo;Una carreggiata a doppio senso;Asciutto;Asfaltata;Verticale ed orizzontale;Sereno;Normale;Buona;Ore Diurne;0;0;0;7;12,30384;42,0335;-1;2;Autovettura privata;In marcia / fermata / arresto;Conducente;M;Illeso;0;;Non accertato;Inesploso
3396747;20;15/07/2017 19:00;Provinciale entro l'abitato;VIA BRACCIANENSE;da specificare;;;;prossimità Via quero;Tamponamento Multiplo;Rettilineo;Una carreggiata a doppio senso;Asciutto;Asfaltata;Verticale ed orizzontale;Sereno;Normale;Buona;Ore Diurne;0;0;0;7;12,30384;42,0335;-1;2;Autovettura privata;In marcia / fermata / arresto;Passeggero;M;Illeso;0;;Non accertato;Inesploso
3396747;20;15/07/2017 19:00;Provinciale entro l'abitato;VIA BRACCIANENSE;da specificare;;;;prossimità Via quero;Tamponamento Multiplo;Rettilineo;Una carreggiata a doppio senso;Asciutto;Asfaltata;Verticale ed orizzontale;Sereno;Normale;Buona;Ore Diurne;0;0;0;7;12,30384;42,0335;-1;3;Autocarro inferiore 35 q.;In marcia / fermata / arresto;Conducente;M;Illeso;0;;Non accertato;Inesploso
3396747;20;15/07/2017 19:00;Provinciale entro l'abitato;VIA BRACCIANENSE;da specificare;;;;prossimità Via quero;Tamponamento Multiplo;Rettilineo;Una carreggiata a doppio senso;Asciutto;Asfaltata;Verticale ed orizzontale;Sereno;Normale;Buona;Ore Diurne;0;0;0;7;12,30384;42,0335;-1;3;Autocarro inferiore 35 q.;In marcia / fermata / arresto;Passeggero;F;Illeso;0;;Non accertato;Inesploso
3396761;12;14/07/2017 09:00;Strada Urbana;VIA LAGO SANTO;in prossimità;;del civico n.;23;;Veicolo in marcia contro ostacolo accidentale;Rettilineo;Una carreggiata a doppio senso;Asciutto;Asfaltata;Assente;Sereno;Normale;Sufficiente;Ore Diurne;0;0;0;1;12,41521;41,79034;-1;1;Motociclo a solo;In marcia / fermata / arresto;Conducente;M;Illeso;0;;Utilizzato;
3396764;20;15/07/2017 22:00;Regionale;VIA TIBERINA;in prossimità;;della chilometrica;6.7;;Veicolo in marcia contro ostacolo accidentale;Rettilineo;Una carreggiata a doppio senso;Asciutto;Asfaltata;Verticale ed orizzontale;Sereno;Scarso;Buona;Inesistente;0;0;0;2;12,50219;42,01113;-1;1;Autovettura privata;In marcia / fermata / arresto;Conducente;M;Illeso;0;;Non accertato;Inesploso
3396764;20;15/07/2017 22:00;Regionale;VIA TIBERINA;in prossimità;;della chilometrica;6.7;;Veicolo in marcia contro ostacolo accidentale;Rettilineo;Una carreggiata a doppio senso;Asciutto;Asfaltata;Verticale ed orizzontale;Sereno;Scarso;Buona;Inesistente;0;0;0;2;12,50219;42,01113;-1;1;Autovettura privata;In marcia / fermata / arresto;Passeggero;F;Illeso;0;;Non accertato;Inesploso
3396770;12;16/07/2017 15:18;Regionale;VIA PONTINA;da specificare;;;;direzione Roma centro pross. Km.21+500;Veicolo in marcia contro veicolo arresto;Curva a visuale libera;Due carreggiate;Asciutto;Asfaltata;Orizzontale;Sereno;Intenso;Buona;Ore Diurne;0;0;0;9;12,43601;41,73261;-1;1;Autovettura privata;In marcia / fermata / arresto;Conducente;M;Illeso;0;;Non accertato;Inesploso
3396770;12;16/07/2017 15:18;Regionale;VIA PONTINA;da specificare;;;;direzione Roma centro pross. Km.21+500;Veicolo in marcia contro veicolo arresto;Curva a visuale libera;Due carreggiate;Asciutto;Asfaltata;Orizzontale;Sereno;Intenso;Buona;Ore Diurne;0;0;0;9;12,43601;41,73261;-1;1;Autovettura privata;In marcia / fermata / arresto;Passeggero;F;Illeso;0;;Non accertato;Inesploso
3396770;12;16/07/2017 15:18;Regionale;VIA PONTINA;da specificare;;;;direzione Roma centro pross. Km.21+500;Veicolo in marcia contro veicolo arresto;Curva a visuale libera;Due carreggiate;Asciutto;Asfaltata;Orizzontale;Sereno;Intenso;Buona;Ore Diurne;0;0;0;9;12,43601;41,73261;-1;1;Autovettura privata;In marcia / fermata / arresto;Passeggero;F;Illeso;0;;;
3396770;12;16/07/2017 15:18;Regionale;VIA PONTINA;da specificare;;;;direzione Roma centro pross. Km.21+500;Veicolo in marcia contro veicolo arresto;Curva a visuale libera;Due carreggiate;Asciutto;Asfaltata;Orizzontale;Sereno;Intenso;Buona;Ore Diurne;0;0;0;9;12,43601;41,73261;-1;1;Autovettura privata;In marcia / fermata / arresto;Passeggero;F;Illeso;0;;Non accertato;Inesploso
3396770;12;16/07/2017 15:18;Regionale;VIA PONTINA;da specificare;;;;direzione Roma centro pross. Km.21+500;Veicolo in marcia contro veicolo arresto;Curva a visuale libera;Due carreggiate;Asciutto;Asfaltata;Orizzontale;Sereno;Intenso;Buona;Ore Diurne;0;0;0;9;12,43601;41,73261;-1;1;Autovettura privata;In marcia / fermata / arresto;Passeggero;M;Illeso;0;;Non accertato;Inesploso
3396770;12;16/07/2017 15:18;Regionale;VIA PONTINA;da specificare;;;;direzione Roma centro pross. Km.21+500;Veicolo in marcia contro veicolo arresto;Curva a visuale libera;Due carreggiate;Asciutto;Asfaltata;Orizzontale;Sereno;Intenso;Buona;Ore Diurne;0;0;0;9;12,43601;41,73261;-1;1;Autovettura privata;In marcia / fermata / arresto;Passeggero;M;Illeso;0;;Non accertato;Inesploso
3396770;12;16/07/2017 15:18;Regionale;VIA PONTINA;da specificare;;;;direzione Roma centro pross. Km.21+500;Veicolo in marcia contro veicolo arresto;Curva a visuale libera;Due carreggiate;Asciutto;Asfaltata;Orizzontale;Sereno;Intenso;Buona;Ore Diurne;0;0;0;9;12,43601;41,73261;-1;1;Autovettura privata;In marcia / fermata / arresto;Passeggero;M;Illeso;0;;Non accertato;Inesploso
3396770;12;16/07/2017 15:18;Regionale;VIA PONTINA;da specificare;;;;direzione Roma centro pross. Km.21+500;Veicolo in marcia contro veicolo arresto;Curva a visuale libera;Due carreggiate;Asciutto;Asfaltata;Orizzontale;Sereno;Intenso;Buona;Ore Diurne;0;0;0;9;12,43601;41,73261;-1;1;Autovettura privata;In marcia / fermata / arresto;Passeggero;F;Illeso;0;;Non accertato;Inesploso
3396770;12;16/07/2017 15:18;Regionale;VIA PONTINA;da specificare;;;;direzione Roma centro pross. Km.21+500;Veicolo in marcia contro veicolo arresto;Curva a visuale libera;Due carreggiate;Asciutto;Asfaltata;Orizzontale;Sereno;Intenso;Buona;Ore Diurne;0;0;0;9;12,43601;41,73261;-1;2;Autovettura privata;In marcia / fermata / arresto;Conducente;M;Illeso;0;;Non accertato;Inesploso
3396783;12;15/07/2017 11:30;Strada Urbana;VIA DELLE TRE FONTANE;all'intersezione con;VIALE DELL'AGRICOLTURA;VIALE DELL'AGRICOLTURA;;;Scontro laterale fra veicoli in marcia;Incrocio;Due carreggiate;Asciutto;Asfaltata;Verticale ed orizzontale;Sereno;Normale;Buona;Ore Diurne;0;0;0;2;12,47281;41,83955;-1;1;Autovettura privata;In marcia / fermata / arresto;Conducente;M;Illeso;0;;Non accertato;Inesploso
3396783;12;15/07/2017 11:30;Strada Urbana;VIA DELLE TRE FONTANE;all'intersezione con;VIALE DELL'AGRICOLTURA;VIALE DELL'AGRICOLTURA;;;Scontro laterale fra veicoli in marcia;Incrocio;Due carreggiate;Asciutto;Asfaltata;Verticale ed orizzontale;Sereno;Normale;Buona;Ore Diurne;0;0;0;2;12,47281;41,83955;-1;2;Autovettura privata;In marcia / fermata / arresto;Conducente;M;Illeso;0;;Non accertato;Inesploso
3396785;18;16/07/2017 16:05;Strada Urbana;VIA TROFARELLO;all'intersezione con;VIA RIVALBA;VIA RIVALBA;;;Scontro laterale fra veicoli in marcia;Incrocio;Una carreggiata a doppio senso;Asciutto;Asfaltata;Orizzontale;Sereno;Scarso;Buona;Ore Diurne;1;0;0;1;12,36733;41,91262;-1;1;Autobus di linea;In marcia / fermata / arresto;Conducente;M;Illeso;0;;;
3396785;18;16/07/2017 16:05;Strada Urbana;VIA TROFARELLO;all'intersezione con;VIA RIVALBA;VIA RIVALBA;;;Scontro laterale fra veicoli in marcia;Incrocio;Una carreggiata a doppio senso;Asciutto;Asfaltata;Orizzontale;Sereno;Scarso;Buona;Ore Diurne;1;0;0;1;12,36733;41,91262;-1;2;Autovettura privata;In marcia / fermata / arresto;Conducente;F;Rimandato;0;NON DECEDUTO;Non accertato;
3396799;7;14/07/2017 19:50;Strada Urbana;VIALE ANTONIO CIAMARRA;in corrispondenza;;del civico n.;154;;Scontro laterale fra veicoli in marcia;Rettilineo;Due carreggiate;Asciutto;Asfaltata;Verticale ed orizzontale;Sereno;Scarso;Buona;Sufficiente;1;0;0;1;12,59085;41,85145;-1;1;Autovettura privata;In marcia / fermata / arresto;Conducente;M;Illeso;0;;Non accertato;Inesploso
3396799;7;14/07/2017 19:50;Strada Urbana;VIALE ANTONIO CIAMARRA;in corrispondenza;;del civico n.;154;;Scontro laterale fra veicoli in marcia;Rettilineo;Due carreggiate;Asciutto;Asfaltata;Verticale ed orizzontale;Sereno;Scarso;Buona;Sufficiente;1;0;0;1;12,59085;41,85145;-1;2;Motociclo con passeggero;In marcia / fermata / arresto;Conducente;M;Rimandato;0;NON DECEDUTO;Non accertato;
3396810;13;15/07/2017 17:30;Strada Urbana;VIA ALESSANDRO PIOLA CASELLI;all'intersezione con;VIA ANGELO OLIVIERI;VIA ANGELO OLIVIERI;;;Scontro frontale/laterale DX fra veicoli in marcia;Incrocio;Una carreggiata a doppio senso;Asciutto;Asfaltata;Verticale ed orizzontale;Sereno;Normale;Buona;Ore Diurne;0;0;0;3;12,28807;41,73733;-1;1;Autovettura privata;In marcia / fermata / arresto;Conducente;M;Illeso;0;;Non accertato;Inesploso
3396810;13;15/07/2017 17:30;Strada Urbana;VIA ALESSANDRO PIOLA CASELLI;all'intersezione con;VIA ANGELO OLIVIERI;VIA ANGELO OLIVIERI;;;Scontro frontale/laterale DX fra veicoli in marcia;Incrocio;Una carreggiata a doppio senso;Asciutto;Asfaltata;Verticale ed orizzontale;Sereno;Normale;Buona;Ore Diurne;0;0;0;3;12,28807;41,73733;-1;1;Autovettura privata;In marcia / fermata / arresto;Passeggero;F;Illeso;0;;Non accertato;Inesploso
3396810;13;15/07/2017 17:30;Strada Urbana;VIA ALESSANDRO PIOLA CASELLI;all'intersezione con;VIA ANGELO OLIVIERI;VIA ANGELO OLIVIERI;;;Scontro frontale/laterale DX fra veicoli in marcia;Incrocio;Una carreggiata a doppio senso;Asciutto;Asfaltata;Verticale ed orizzontale;Sereno;Normale;Buona;Ore Diurne;0;0;0;3;12,28807;41,73733;-1;2;Autovettura privata;In marcia / fermata / arresto;Conducente;M;Illeso;0;;Non accertato;Inesploso
3396838;2;16/07/2017 18:30;Strada Urbana;VIA AUSTRIA;da specificare;;;;interno area parcheggio;Veicolo in marcia contro veicolo in sosta;Rettilineo;Una carreggiata a senso unico di marcia;Asciutto;Asfaltata;Verticale ed orizzontale;Sereno;Scarso;Buona;Ore Diurne;0;0;0;3;12,47167;41,93378;-1;1;Autovettura privata;In marcia / fermata / arresto;Conducente;M;Illeso;0;;Non accertato;Inesploso
3396838;2;16/07/2017 18:30;Strada Urbana;VIA AUSTRIA;da specificare;;;;interno area parcheggio;Veicolo in marcia contro veicolo in sosta;Rettilineo;Una carreggiata a senso unico di marcia;Asciutto;Asfaltata;Verticale ed orizzontale;Sereno;Scarso;Buona;Ore Diurne;0;0;0;3;12,47167;41,93378;-1;1;Autovettura privata;In marcia / fermata / arresto;Passeggero;F;Illeso;0;;Non accertato;Inesploso
3396838;2;16/07/2017 18:30;Strada Urbana;VIA AUSTRIA;da specificare;;;;interno area parcheggio;Veicolo in marcia contro veicolo in sosta;Rettilineo;Una carreggiata a senso unico di marcia;Asciutto;Asfaltata;Verticale ed orizzontale;Sereno;Scarso;Buona;Ore Diurne;0;0;0;3;12,47167;41,93378;-1;2;Autobus turistico;Sosta;Passeggero;M;Illeso;0;;Non accertato;Inesistente
3396847;12;15/07/2017 18:00;Comunale extraurbana;VIA DI TORRE S. ANASTASIA;all'intersezione con;VIA CORRADO PARONA;VIA CORRADO PARONA;;;Fuoriuscita dalla sede stradale;Incrocio;Una carreggiata a doppio senso;Asciutto;Asfaltata;Verticale ed orizzontale;Sereno;Scarso;Buona;Ore Diurne;0;0;0;3;12,52889;41,76743;-1;1;Autovettura privata;In marcia / fermata / arresto;Conducente;M;Illeso;0;;Non accertato;Inesploso
3396847;12;15/07/2017 18:00;Comunale extraurbana;VIA DI TORRE S. ANASTASIA;all'intersezione con;VIA CORRADO PARONA;VIA CORRADO PARONA;;;Fuoriuscita dalla sede stradale;Incrocio;Una carreggiata a doppio senso;Asciutto;Asfaltata;Verticale ed orizzontale;Sereno;Scarso;Buona;Ore Diurne;0;0;0;3;12,52889;41,76743;-1;1;Autovettura privata;In marcia / fermata / arresto;Passeggero;F;Illeso;0;;Non accertato;Inesploso
3396847;12;15/07/2017 18:00;Comunale extraurbana;VIA DI TORRE S. ANASTASIA;all'intersezione con;VIA CORRADO PARONA;VIA CORRADO PARONA;;;Fuoriuscita dalla sede stradale;Incrocio;Una carreggiata a doppio senso;Asciutto;Asfaltata;Verticale ed orizzontale;Sereno;Scarso;Buona;Ore Diurne;0;0;0;3;12,52889;41,76743;-1;1;Autovettura privata;In marcia / fermata / arresto;Passeggero;F;Illeso;0;;Non accertato;Inesploso
3396853;13;16/07/2017 11:00;Strada Urbana;VIA DI SAPONARA;all'intersezione con;VIA CORRADO CAGLI;VIA CORRADO CAGLI;;;Scontro frontale/laterale SX fra veicoli in marcia;Incrocio;Una carreggiata a doppio senso;Asciutto;Asfaltata;Verticale;Sereno;Normale;Buona;Ore Diurne;1;0;0;2;12,34524;41,77414;-1;1;Autovettura privata;In marcia / fermata / arresto;Conducente;M;Illeso;0;;Non accertato;Inesploso
3396853;13;16/07/2017 11:00;Strada Urbana;VIA DI SAPONARA;all'intersezione con;VIA CORRADO CAGLI;VIA CORRADO CAGLI;;;Scontro frontale/laterale SX fra veicoli in marcia;Incrocio;Una carreggiata a doppio senso;Asciutto;Asfaltata;Verticale;Sereno;Normale;Buona;Ore Diurne;1;0;0;2;12,34524;41,77414;-1;1;Autovettura privata;In marcia / fermata / arresto;Passeggero;F;Illeso;0;;Non accertato;Inesploso