Protocollo;Gruppo;DataOraIncidente;Localizzazione1;STRADA1;Localizzazione2;STRADA2;Strada02;Chilometrica;DaSpecificare;NaturaIncidente;particolaritastrade;TipoStrada;FondoStradale;Pavimentazione;Segnaletica;CondizioneAtmosferica;Traffico;Visibilita;Illuminazione;NUM_FERITI;NUM_RISERVATA;NUM_MORTI;NUM_ILLESI;Longitudine;Latitudine;Confermato;Progressivo;TipoVeicolo;StatoVeicolo;TipoPersona;Sesso;Tipolesione;Deceduto;DecedutoDopo;CinturaCascoUtilizzato;Airbag
3399762;20;18/07/2017 10:45;Regionale;VIA BRACCIANENSE;in prossimità;;della chilometrica;7.4;;Tamponamento;Curva a visuale libera;Una carreggiata a doppio senso;Asciutto;Asfaltata;Assente;Sereno;Scarso;Buona;Ore Diurne;1;0;0;1;12,37287;42,01022;-1;1;Autovettura privata;In marcia / fermata / arresto;Conducente;M;Rifiuta cure immediate;0;NON DECEDUTO;;
3399762;20;18/07/2017 10:45;Regionale;VIA BRACCIANENSE;in prossimità;;della chilometrica;7.4;;Tamponamento;Curva a visuale libera;Una carreggiata a doppio senso;Asciutto;Asfaltata;Assente;Sereno;Scarso;Buona;Ore Diurne;1;0;0;1;12,37287;42,01022;-1;2;Autovettura privata;In marcia / fermata / arresto;Conducente;M;Illeso;0;;;
3399766;19;18/07/2017 15:00;Strada Urbana;PIAZZA CLEMENTE XI;da specificare;;;;fronte civ. 6;Scontro laterale fra veicoli in marcia;Curva a visuale libera;Una carreggiata a senso unico di marcia;Asciutto;Asfaltata;Verticale;Sereno;Normale;Buona;Ore Diurne;0;0;0;3;12,41469;41,91412;-1;1;Autovettura privata;In marcia / fermata / arresto;Conducente;M;Illeso;0;;Non accertato;Inesploso
3399766;19;18/07/2017 15:00;Strada Urbana;PIAZZA CLEMENTE XI;da specificare;;;;fronte civ. 6;Scontro laterale fra veicoli in marcia;Curva a visuale libera;Una carreggiata a senso unico di marcia;Asciutto;Asfaltata;Verticale;Sereno;Normale;Buona;Ore Diurne;0;0;0;3;12,41469;41,91412;-1;2;Autovettura privata;In marcia / fermata / arresto;Conducente;F;Illeso;0;;Non accertato;Inesploso
3399766;19;18/07/2017 15:00;Strada Urbana;PIAZZA CLEMENTE XI;da specificare;;;;fronte civ. 6;Scontro laterale fra veicoli in marcia;Curva a visuale libera;Una carreggiata a senso unico di marcia;Asciutto;Asfaltata;Verticale;Sereno;Normale;Buona;Ore Diurne;0;0;0;3;12,41469;41,91412;-1;2;Autovettura privata;In marcia / fermata / arresto;Passeggero;F;Illeso;0;;Non accertato;Inesploso
3399771;19;18/07/2017 19:30;Strada Urbana;VIA TRIONFALE;in corrispondenza;;del civico n.;9612;;Investimento di pedone;Rettilineo;Una carreggiata a doppio senso;Asciutto;Asfaltata;Orizzontale;Sereno;Intenso;Buona;Ore Diurne;1;0;0;1;12,4169;41,94637;-1;;;;Pedone;M;Rimandato;0;NON DECEDUTO;;
3399771;19;18/07/2017 19:30;Strada Urbana;VIA TRIONFALE;in corrispondenza;;del civico n.;9612;;Investimento di pedone;Rettilineo;Una carreggiata a doppio senso;Asciutto;Asfaltata;Orizzontale;Sereno;Intenso;Buona;Ore Diurne;1;0;0;1;12,4169;41,94637;-1;1;Motociclo a solo;In marcia / fermata / arresto;Conducente;M;Illeso;0;;Non accertato;
3399785;20;18/07/2017 08:50;Strada Urbana;VIA DEL FORO ITALICO;da specificare;;;;altezza Corso di Francia dir. Stadio;Tamponamento Multiplo;Rettilineo;Due carreggiate;Asciutto;Asfaltata;Verticale ed orizzontale;Sereno;Intenso;Buona;Ore Diurne;1;0;0;5;12,48375;41,93991;-1;1;Autovettura privata;In marcia / fermata / arresto;Conducente;M;Illeso;0;;;
3399785;20;18/07/2017 08:50;Strada Urbana;VIA DEL FORO ITALICO;da specificare;;;;altezza Corso di Francia dir. Stadio;Tamponamento Multiplo;Rettilineo;Due carreggiate;Asciutto;Asfaltata;Verticale ed orizzontale;Sereno;Intenso;Buona;Ore Diurne;1;0;0;5;12,48375;41,93991;-1;2;Autovettura privata;In marcia / fermata / arresto;Conducente;M;Illeso;0;;;
3399785;20;18/07/2017 08:50;Strada Urbana;VIA DEL FORO ITALICO;da specificare;;;;altezza Corso di Francia dir. Stadio;Tamponamento Multiplo;Rettilineo;Due carreggiate;Asciutto;Asfaltata;Verticale ed orizzontale;Sereno;Intenso;Buona;Ore Diurne;1;0;0;5;12,48375;41,93991;-1;2;Autovettura privata;In marcia / fermata / arresto;Passeggero;M;Illeso;0;;;
3399785;20;18/07/2017 08:50;Strada Urbana;VIA DEL FORO ITALICO;da specificare;;;;altezza Corso di Francia dir. Stadio;Tamponamento Multiplo;Rettilineo;Due carreggiate;Asciutto;Asfaltata;Verticale ed orizzontale;Sereno;Intenso;Buona;Ore Diurne;1;0;0;5;12,48375;41,93991;-1;2;Autovettura privata;In marcia / fermata / arresto;Passeggero;F;Illeso;0;;Non accertato;Inesploso
3399785;20;18/07/2017 08:50;Strada Urbana;VIA DEL FORO ITALICO;da specificare;;;;altezza Corso di Francia dir. Stadio;Tamponamento Multiplo;Rettilineo;Due carreggiate;Asciutto;Asfaltata;Verticale ed orizzontale;Sereno;Intenso;Buona;Ore Diurne;1;0;0;5;12,48375;41,93991;-1;3;Autovettura privata;In marcia / fermata / arresto;Conducente;F;Rimandato;0;NON DECEDUTO;;
3399785;20;18/07/2017 08:50;Strada Urbana;VIA DEL FORO ITALICO;da specificare;;;;altezza Corso di Francia dir. Stadio;Tamponamento Multiplo;Rettilineo;Due carreggiate;Asciutto;Asfaltata;Verticale ed orizzontale;Sereno;Intenso;Buona;Ore Diurne;1;0;0;5;12,48375;41,93991;-1;4;Autovettura privata;In marcia / fermata / arresto;Conducente;M;Illeso;0;;;
3399796;11;18/07/2017 18:40;Strada Urbana;VIALE GUGLIELMO MARCONI;in corrispondenza;;del civico n.;640;;Tamponamento Multiplo;Rettilineo;Due carreggiate;Asciutto;Asfaltata;Verticale ed orizzontale;Sereno;Normale;Buona;Ore Diurne;2;0;0;3;12,47321;41,85177;-1;1;Autovettura privata;In marcia / fermata / arresto;Conducente;F;Illeso;0;;Non accertato;
3399796;11;18/07/2017 18:40;Strada Urbana;VIALE GUGLIELMO MARCONI;in corrispondenza;;del civico n.;640;;Tamponamento Multiplo;Rettilineo;Due carreggiate;Asciutto;Asfaltata;Verticale ed orizzontale;Sereno;Normale;Buona;Ore Diurne;2;0;0;3;12,47321;41,85177;-1;2;Autovettura privata;In marcia / fermata / arresto;Conducente;F;Rimandato;0;NON DECEDUTO;Non accertato;
3399796;11;18/07/2017 18:40;Strada Urbana;VIALE GUGLIELMO MARCONI;in corrispondenza;;del civico n.;640;;Tamponamento Multiplo;Rettilineo;Due carreggiate;Asciutto;Asfaltata;Verticale ed orizzontale;Sereno;Normale;Buona;Ore Diurne;2;0;0;3;12,47321;41,85177;-1;2;Autovettura privata;In marcia / fermata / arresto;Passeggero;F;Illeso;0;;Non accertato;
3399796;11;18/07/2017 18:40;Strada Urbana;VIALE GUGLIELMO MARCONI;in corrispondenza;;del civico n.;640;;Tamponamento Multiplo;Rettilineo;Due carreggiate;Asciutto;Asfaltata;Verticale ed orizzontale;Sereno;Normale;Buona;Ore Diurne;2;0;0;3;12,47321;41,85177;-1;2;Autovettura privata;In marcia / fermata / arresto;Passeggero;F;Rifiuta cure immediate;0;NON DECEDUTO;Non accertato;
3399796;11;18/07/2017 18:40;Strada Urbana;VIALE GUGLIELMO MARCONI;in corrispondenza;;del civico n.;640;;Tamponamento Multiplo;Rettilineo;Due carreggiate;Asciutto;Asfaltata;Verticale ed orizzontale;Sereno;Normale;Buona;Ore Diurne;2;0;0;3;12,47321;41,85177;-1;3;Autovettura privata;In marcia / fermata / arresto;Conducente;M;Illeso;0;;Non accertato;
3399799;1;18/07/2017 21:00;Strada Urbana;PIAZZA DI PORTA MAGGIORE;da specificare;;;;fronte civico n.10;Veicolo in marcia contro ostacolo accidentale;Curva a visuale libera;Una carreggiata a senso unico di marcia;Asciutto;Asfaltata;Verticale ed orizzontale;Sereno;Scarso;Sufficiente;Ore Diurne;1;0;0;2;12,51456;41,89213;-1;1;Motociclo a solo;In marcia / fermata / arresto;Conducente;M;Rifiuta cure immediate;0;NON DECEDUTO;Non accertato;
3399799;1;18/07/2017 21:00;Strada Urbana;PIAZZA DI PORTA MAGGIORE;da specificare;;;;fronte civico n.10;Veicolo in marcia contro ostacolo accidentale;Curva a visuale libera;Una carreggiata a senso unico di marcia;Asciutto;Asfaltata;Verticale ed orizzontale;Sereno;Scarso;Sufficiente;Ore Diurne;1;0;0;2;12,51456;41,89213;-1;2;Autovettura privata;Allontanatosi;Conducente;M;Illeso;0;;Non accertato;Inesploso
3399799;1;18/07/2017 21:00;Strada Urbana;PIAZZA DI PORTA MAGGIORE;da specificare;;;;fronte civico n.10;Veicolo in marcia contro ostacolo accidentale;Curva a visuale libera;Una carreggiata a senso unico di marcia;Asciutto;Asfaltata;Verticale ed orizzontale;Sereno;Scarso;Sufficiente;Ore Diurne;1;0;0;2;12,51456;41,89213;-1;2;Autovettura privata;Allontanatosi;Passeggero;F;Illeso;0;;Non accertato;Inesploso
3399803;20;18/07/2017 09:30;Regionale entro l'abitato;VIA FLAMINIA;in prossimità;;del civico n.;1113;;Scontro laterale fra veicoli in marcia;Rettilineo;Due carreggiate;Asciutto;Asfaltata;Verticale ed orizzontale;Sereno;Normale;Buona;Ore Diurne;0;0;0;2;12,49316;41,98411;-1;1;Autovettura privata;In marcia / fermata / arresto;Conducente;F;Illeso;0;;;
3399803;20;18/07/2017 09:30;Regionale entro l'abitato;VIA FLAMINIA;in prossimità;;del civico n.;1113;;Scontro laterale fra veicoli in marcia;Rettilineo;Due carreggiate;Asciutto;Asfaltata;Verticale ed orizzontale;Sereno;Normale;Buona;Ore Diurne;0;0;0;2;12,49316;41,98411;-1;2;Autoarticolato;In marcia / fermata / arresto;Conducente;M;Illeso;0;;;
3399806;10;17/07/2017 19:45;Strada Urbana;VIA DELL'AEROPORTO;all'intersezione con;VIA CLAUDIO ASELLO;VIA CLAUDIO ASELLO;;;Scontro frontale/laterale DX fra veicoli in marcia;Intersezione stradale segnalata;Una carreggiata a senso unico di marcia;Asciutto;Asfaltata;Verticale ed orizzontale;Sereno;Scarso;Buona;Sufficiente;0;0;0;6;12,55696;41,86362;-1;1;Autovettura privata;In marcia / fermata / arresto;Conducente;M;Illeso;0;;Non accertato;Inesploso
3399806;10;17/07/2017 19:45;Strada Urbana;VIA DELL'AEROPORTO;all'intersezione con;VIA CLAUDIO ASELLO;VIA CLAUDIO ASELLO;;;Scontro frontale/laterale DX fra veicoli in marcia;Intersezione stradale segnalata;Una carreggiata a senso unico di marcia;Asciutto;Asfaltata;Verticale ed orizzontale;Sereno;Scarso;Buona;Sufficiente;0;0;0;6;12,55696;41,86362;-1;1;Autovettura privata;In marcia / fermata / arresto;Passeggero;F;Illeso;0;;Non accertato;Inesploso
3399806;10;17/07/2017 19:45;Strada Urbana;VIA DELL'AEROPORTO;all'intersezione con;VIA CLAUDIO ASELLO;VIA CLAUDIO ASELLO;;;Scontro frontale/laterale DX fra veicoli in marcia;Intersezione stradale segnalata;Una carreggiata a senso unico di marcia;Asciutto;Asfaltata;Verticale ed orizzontale;Sereno;Scarso;Buona;Sufficiente;0;0;0;6;12,55696;41,86362;-1;2;Autovettura privata;In marcia / fermata / arresto;Conducente;M;Illeso;0;;Non accertato;Inesploso
3399806;10;17/07/2017 19:45;Strada Urbana;VIA DELL'AEROPORTO;all'intersezione con;VIA CLAUDIO ASELLO;VIA CLAUDIO ASELLO;;;Scontro frontale/laterale DX fra veicoli in marcia;Intersezione stradale segnalata;Una carreggiata a senso unico di marcia;Asciutto;Asfaltata;Verticale ed orizzontale;Sereno;Scarso;Buona;Sufficiente;0;0;0;6;12,55696;41,86362;-1;2;Autovettura privata;In marcia / fermata / arresto;Passeggero;F;Illeso;0;;Non accertato;Inesploso
3399806;10;17/07/2017 19:45;Strada Urbana;VIA DELL'AEROPORTO;all'intersezione con;VIA CLAUDIO ASELLO;VIA CLAUDIO ASELLO;;;Scontro frontale/laterale DX fra veicoli in marcia;Intersezione stradale segnalata;Una carreggiata a senso unico di marcia;Asciutto;Asfaltata;Verticale ed orizzontale;Sereno;Scarso;Buona;Sufficiente;0;0;0;6;12,55696;41,86362;-1;2;Autovettura privata;In marcia / fermata / arresto;Passeggero;F;Illeso;0;;Non accertato;Inesploso
3399806;10;17/07/2017 19:45;Strada Urbana;VIA DELL'AEROPORTO;all'intersezione con;VIA CLAUDIO ASELLO;VIA CLAUDIO ASELLO;;;Scontro frontale/laterale DX fra veicoli in marcia;Intersezione stradale segnalata;Una carreggiata a senso unico di marcia;Asciutto;Asfaltata;Verticale ed orizzontale;Sereno;Scarso;Buona;Sufficiente;0;0;0;6;12,55696;41,86362;-1;2;Autovettura privata;In marcia / fermata / arresto;Passeggero;F;Illeso;0;;;
3399813;10;17/07/2017 23:14;Strada Urbana;VIA PRENESTINA;in prossimità;;del civico n.;1051;;Tamponamento;Rettilineo;Una carreggiata a doppio senso;Asciutto;Asfaltata;Verticale ed orizzontale;Sereno;Normale;Sufficiente;Sufficiente;1;0;0;1;12,62034;41,89321;-1;1;Autovettura privata;In marcia / fermata / arresto;Conducente;M;Illeso;0;;Non accertato;Inesploso
3399813;10;17/07/2017 23:14;Strada Urbana;VIA PRENESTINA;in prossimità;;del civico n.;1051;;Tamponamento;Rettilineo;Una carreggiata a doppio senso;Asciutto;Asfaltata;Verticale ed orizzontale;Sereno;Normale;Sufficiente;Sufficiente;1;0;0;1;12,62034;41,89321;-1;2;Autovettura privata;In marcia / fermata / arresto;Conducente;M;Rimandato;0;NON DECEDUTO;Non accertato;Inesploso
3399814;7;18/07/2017 09:00;Strada Urbana;VIALE PALMIRO TOGLIATTI;all'intersezione con;PIAZZALE PINO PASCALI;PIAZZALE PINO PASCALI;;;Scontro frontale/laterale DX fra veicoli in marcia;Incrocio;Due carreggiate;Asciutto;Asfaltata;Verticale ed orizzontale;Sereno;Normale;Buona;Ore Diurne;0;0;0;2;12,57587;41,89723;-1;1;Autovettura privata;In marcia / fermata / arresto;Conducente;F;Illeso;0;;Non accertato;Inesploso
3399814;7;18/07/2017 09:00;Strada Urbana;VIALE PALMIRO TOGLIATTI;all'intersezione con;PIAZZALE PINO PASCALI;PIAZZALE PINO PASCALI;;;Scontro frontale/laterale DX fra veicoli in marcia;Incrocio;Due carreggiate;Asciutto;Asfaltata;Verticale ed orizzontale;Sereno;Normale;Buona;Ore Diurne;0;0;0;2;12,57587;41,89723;-1;2;Autovettura privata;In marcia / fermata / arresto;Conducente;M;Illeso;0;;Non accertato;Inesploso
3399816;13;18/07/2017 08:30;Strada Urbana;VIA UMBERTO LILLONI;all'intersezione con;VIA LINO BIANCHI BARRIVIERA;VIA LINO BIANCHI BARRIVIERA;;;Scontro frontale/laterale SX fra veicoli in marcia;Incrocio;Una carreggiata a senso unico di marcia;Asciutto;Asfaltata;Assente;Sereno;Normale;Buona;Ore Diurne;0;0;0;2;12,34617;41,77539;-1;1;Autovettura privata;In marcia / fermata / arresto;Conducente;F;Illeso;0;;;
3399816;13;18/07/2017 08:30;Strada Urbana;VIA UMBERTO LILLONI;all'intersezione con;VIA LINO BIANCHI BARRIVIERA;VIA LINO BIANCHI BARRIVIERA;;;Scontro frontale/laterale SX fra veicoli in marcia;Incrocio;Una carreggiata a senso unico di marcia;Asciutto;Asfaltata;Assente;Sereno;Normale;Buona;Ore Diurne;0;0;0;2;12,34617;41,77539;-1;2;Autovettura privata;In marcia / fermata / arresto;Conducente;M;Illeso;0;;;
3399817;1;17/07/2017 20:23;Strada Urbana;VIA ELENIANA;in corrispondenza;;del palo luce n.;4;;Scontro laterale fra veicoli in marcia;Curva a visuale libera;Una carreggiata a senso unico di marcia;Asciutto;Asfaltata;Assente;Sereno;Normale;Sufficiente;Ore Diurne;0;0;0;2;12,51498;41,89031;-1;1;Autovettura privata;In marcia / fermata / arresto;Conducente;M;Illeso;0;;Utilizzato;Inesploso
3399817;1;17/07/2017 20:23;Strada Urbana;VIA ELENIANA;in corrispondenza;;del palo luce n.;4;;Scontro laterale fra veicoli in marcia;Curva a visuale libera;Una carreggiata a senso unico di marcia;Asciutto;Asfaltata;Assente;Sereno;Normale;Sufficiente;Ore Diurne;0;0;0;2;12,51498;41,89031;-1;2;Autovettura privata;In marcia / fermata / arresto;Conducente;M;Illeso;0;;Utilizzato;Inesploso
3399820;10;18/07/2017 05:00;Strada Urbana;VIALE SPARTACO;all'intersezione semaforizzata con;VIA DEL QUADRARO;VIA DEL QUADRARO;;;Scontro frontale/laterale DX fra veicoli in marcia;Intersezione semaforizzata;Una carreggiata a doppio senso;Asciutto;Asfaltata;Verticale ed orizzontale;Sereno;Scarso;Buona;Sufficiente;1;0;0;1;12,55404;41,85875;-1;1;Autocarro inferiore 35 q.;In marcia / fermata / arresto;Conducente;M;Illeso;0;;Non accertato;Inesploso
3399820;10;18/07/2017 05:00;Strada Urbana;VIALE SPARTACO;all'intersezione semaforizzata con;VIA DEL QUADRARO;VIA DEL QUADRARO;;;Scontro frontale/laterale DX fra veicoli in marcia;Intersezione semaforizzata;Una carreggiata a doppio senso;Asciutto;Asfaltata;Verticale ed orizzontale;Sereno;Scarso;Buona;Sufficiente;1;0;0;1;12,55404;41,85875;-1;2;Motociclo a solo;In marcia / fermata / arresto;Conducente;M;Rimandato;0;NON DECEDUTO;;
3399821;11;18/07/2017 10:30;Strada Urbana;VIA OSTIENSE;da specificare;;;;intersezione ponte Spizzichino;Tamponamento;Rettilineo;Più di due carreggiate;Asciutto;Asfaltata;Verticale ed orizzontale;Sereno;Normale;Buona;Ore Diurne;1;0;0;1;12,48036;41,86764;-1;1;Autovettura privata;In marcia / fermata / arresto;Conducente;F;Illeso;0;;;
3399821;11;18/07/2017 10:30;Strada Urbana;VIA OSTIENSE;da specificare;;;;intersezione ponte Spizzichino;Tamponamento;Rettilineo;Più di due carreggiate;Asciutto;Asfaltata;Verticale ed orizzontale;Sereno;Normale;Buona;Ore Diurne;1;0;0;1;12,48036;41,86764;-1;2;Autovettura privata;In marcia / fermata / arresto;Conducente;M;Rifiuta cure immediate;0;NON DECEDUTO;;
3399827;10;18/07/2017 17:40;Strada Urbana;VIA DEL CASALE SANTARELLI;in corrispondenza;;del civico n.;122;;Scontro frontale/laterale DX fra veicoli in marcia;Rettilineo;Una carreggiata a doppio senso;Asciutto;Asfaltata;Verticale ed orizzontale;Sereno;Normale;Sufficiente;Ore Diurne;0;0;0;2;12,61012;41,8195;-1;1;Autovettura privata;In marcia / fermata / arresto;Conducente;F;Illeso;0;;Non accertato;Esploso
3399827;10;18/07/2017 17:40;Strada Urbana;VIA DEL CASALE SANTARELLI;in corrispondenza;;del civico n.;122;;Scontro frontale/laterale DX fra veicoli in marcia;Rettilineo;Una carreggiata a doppio senso;Asciutto;Asfaltata;Verticale ed orizzontale;Sereno;Normale;Sufficiente;Ore Diurne;0;0;0;2;12,61012;41,8195;-1;2;Autovettura privata;In marcia / fermata / arresto;Conducente;M;Illeso;0;;Non accertato;Inesploso
3399842;2;18/07/2017 07:55;Strada Urbana;CIRCONVALLAZIONE SALARIA;da specificare;;;;prossimità svincolo Salaria (GRA):;Tamponamento Multiplo;Rettilineo;Due carreggiate;Asciutto;Asfaltata;Orizzontale;Sereno;Intenso;Buona;Ore Diurne;2;0;0;2;12,50884;41,93786;-1;1;Autocarro inferiore 35 q.;In marcia / fermata / arresto;Conducente;M;Illeso;0;;Non accertato;Inesploso
3399842;2;18/07/2017 07:55;Strada Urbana;CIRCONVALLAZIONE SALARIA;da specificare;;;;prossimità svincolo Salaria (GRA):;Tamponamento Multiplo;Rettilineo;Due carreggiate;Asciutto;Asfaltata;Orizzontale;Sereno;Intenso;Buona;Ore Diurne;2;0;0;2;12,50884;41,93786;-1;2;Autovettura privata;In marcia / fermata / arresto;Conducente;M;Rimandato;0;NON DECEDUTO;Non accertato;Inesploso
3399842;2;18/07/2017 07:55;Strada Urbana;CIRCONVALLAZIONE SALARIA;da specificare;;;;prossimità svincolo Salaria (GRA):;Tamponamento Multiplo;Rettilineo;Due carreggiate;Asciutto;Asfaltata;Orizzontale;Sereno;Intenso;Buona;Ore Diurne;2;0;0;2;12,50884;41,93786;-1;2;Autovettura privata;In marcia / fermata / arresto;Passeggero;M;Rimandato;0;NON DECEDUTO;Non accertato;Inesploso
3399842;2;18/07/2017 07:55;Strada Urbana;CIRCONVALLAZIONE SALARIA;da specificare;;;;prossimità svincolo Salaria (GRA):;Tamponamento Multiplo;Rettilineo;Due carreggiate;Asciutto;Asfaltata;Orizzontale;Sereno;Intenso;Buona;Ore Diurne;2;0;0;2;12,50884;41,93786;-1;3;Autovettura privata;In marcia / fermata / arresto;Conducente;F;Illeso;0;;Non accertato;Inesploso
3399847;20;18/07/2017 13:00;Regionale entro l'abitato;VIA FLAMINIA;da specificare;;;;Km. 7.000 dir. GRA;Tamponamento;Curva senza visuale libera;Una carreggiata a doppio senso;Asciutto;Asfaltata;Verticale ed orizzontale;Sereno;Normale;Buona;Ore Diurne;0;0;0;2;12,47183;41,94192;-1;1;Autovettura privata;In marcia / fermata / arresto;Conducente;M;Illeso;0;;;
3399847;20;18/07/2017 13:00;Regionale entro l'abitato;VIA FLAMINIA;da specificare;;;;Km. 7.000 dir. GRA;Tamponamento;Curva senza visuale libera;Una carreggiata a doppio senso;Asciutto;Asfaltata;Verticale ed orizzontale;Sereno;Normale;Buona;Ore Diurne;0;0;0;2;12,47183;41,94192;-1;2;Autovettura privata;In marcia / fermata / arresto;Conducente;F;Illeso;0;;;
3399858;1;18/07/2017 15:30;Strada Urbana;VIA FERDINANDO DI SAVOIA;all'intersezione con;VIA MARIA ADELAIDE;VIA MARIA ADELAIDE;;;Scontro laterale fra veicoli in marcia;Incrocio;Una carreggiata a senso unico di marcia;Asciutto;In cubetti di porfido;Verticale ed orizzontale;Sereno;Normale;Buona;Ore Diurne;0;0;0;2;12,47443;41,91026;-1;1;Autovettura privata;In marcia / fermata / arresto;Conducente;F;Illeso;0;;Utilizzato;Inesploso
3399858;1;18/07/2017 15:30;Strada Urbana;VIA FERDINANDO DI SAVOIA;all'intersezione con;VIA MARIA ADELAIDE;VIA MARIA ADELAIDE;;;Scontro laterale fra veicoli in marcia;Incrocio;Una carreggiata a senso unico di marcia;Asciutto;In cubetti di porfido;Verticale ed orizzontale;Sereno;Normale;Buona;Ore Diurne;0;0;0;2;12,47443;41,91026;-1;2;Autovettura privata;In marcia / fermata / arresto;Conducente;M;Illeso;0;;Utilizzato;Inesploso
3399862;16;18/07/2017 12:40;Strada Urbana;VIA DELLA PISANA;in corrispondenza;;del civico n.;381;;Infortunio per sola frenata improvvisa;Rettilineo;Una carreggiata a doppio senso;Asciutto;Asfaltata;Assente;Sereno;Normale;Buona;Ore Diurne;1;0;0;1;12,41006;41,86612;-1;1;Autocarro inferiore 35 q.;In marcia / fermata / arresto;Conducente;M;Illeso;0;;Non accertato;
3399862;16;18/07/2017 12:40;Strada Urbana;VIA DELLA PISANA;in corrispondenza;;del civico n.;381;;Infortunio per sola frenata improvvisa;Rettilineo;Una carreggiata a doppio senso;Asciutto;Asfaltata;Assente;Sereno;Normale;Buona;Ore Diurne;1;0;0;1;12,41006;41,86612;-1;2;Motociclo a solo;In marcia / fermata / arresto;Conducente;M;Rimandato;0;NON DECEDUTO;Non accertato;
3399864;20;18/07/2017 19:15;Provinciale;VIA TIBERINA;in prossimità;;della chilometrica;7.3;;Scontro frontale fra veicoli in marcia;Rettilineo;Una carreggiata a doppio senso;Asciutto;Asfaltata;Verticale ed orizzontale;Sereno;Normale;Buona;Ore Diurne;1;0;0;1;12,50219;42,01113;-1;1;Autovettura privata;In marcia / fermata / arresto;Conducente;M;Illeso;0;;;Esploso
3399864;20;18/07/2017 19:15;Provinciale;VIA TIBERINA;in prossimità;;della chilometrica;7.3;;Scontro frontale fra veicoli in marcia;Rettilineo;Una carreggiata a doppio senso;Asciutto;Asfaltata;Verticale ed orizzontale;Sereno;Normale;Buona;Ore Diurne;1;0;0;1;12,50219;42,01113;-1;2;Autocarro inferiore 35 q.;In marcia / fermata / arresto;Conducente;F;Rimandato;0;NON DECEDUTO;;Esploso
3399887;2;18/07/2017 21:50;Strada Urbana;VIA TRIPOLI;in corrispondenza;;del civico n.;155/H;;Scontro laterale fra veicoli in marcia;Rettilineo;Una carreggiata a doppio senso;Asciutto;Asfaltata;Verticale ed orizzontale;Sereno;Scarso;Buona;Sufficiente;0;0;0;4;12,51783;41,9286;-1;1;Autovettura privata;In marcia / fermata / arresto;Conducente;M;Illeso;0;;Non accertato;Inesploso
3399887;2;18/07/2017 21:50;Strada Urbana;VIA TRIPOLI;in corrispondenza;;del civico n.;155/H;;Scontro laterale fra veicoli in marcia;Rettilineo;Una carreggiata a doppio senso;Asciutto;Asfaltata;Verticale ed orizzontale;Sereno;Scarso;Buona;Sufficiente;0;0;0;4;12,51783;41,9286;-1;2;Autovettura privata;In marcia / fermata / arresto;Conducente;F;Illeso;0;;Non accertato;Inesploso
3399887;2;18/07/2017 21:50;Strada Urbana;VIA TRIPOLI;in corrispondenza;;del civico n.;155/H;;Scontro laterale fra veicoli in marcia;Rettilineo;Una carreggiata a doppio senso;Asciutto;Asfaltata;Verticale ed orizzontale;Sereno;Scarso;Buona;Sufficiente;0;0;0;4;12,51783;41,9286;-1;2;Autovettura privata;In marcia / fermata / arresto;Passeggero;F;Illeso;0;;Non accertato;Inesploso
3399887;2;18/07/2017 21:50;Strada Urbana;VIA TRIPOLI;in corrispondenza;;del civico n.;155/H;;Scontro laterale fra veicoli in marcia;Rettilineo;Una carreggiata a doppio senso;Asciutto;Asfaltata;Verticale ed orizzontale;Sereno;Scarso;Buona;Sufficiente;0;0;0;4;12,51783;41,9286;-1;2;Autovettura privata;In marcia / fermata / arresto;Passeggero;M;Illeso;0;;Non accertato;Inesploso
3399897;20;18/07/2017 14:20;Regionale entro l'abitato;VIA CASSIA;da specificare;;;;pross. palo Acea 59;Tamponamento Multiplo;Rettilineo;Una carreggiata a doppio senso;Asciutto;Asfaltata;Verticale ed orizzontale;Sereno;Scarso;Buona;Ore Diurne;1;0;0;2;12,41323;41,98292;-1;1;Autovettura privata;In marcia / fermata / arresto;Conducente;M;Illeso;0;;;
3399897;20;18/07/2017 14:20;Regionale entro l'abitato;VIA CASSIA;da specificare;;;;pross. palo Acea 59;Tamponamento Multiplo;Rettilineo;Una carreggiata a doppio senso;Asciutto;Asfaltata;Verticale ed orizzontale;Sereno;Scarso;Buona;Ore Diurne;1;0;0;2;12,41323;41,98292;-1;2;Quadriciclo leggero;In marcia / fermata / arresto;Conducente;F;Rimandato;0;NON DECEDUTO;;
3399897;20;18/07/2017 14:20;Regionale entro l'abitato;VIA CASSIA;da specificare;;;;pross. palo Acea 59;Tamponamento Multiplo;Rettilineo;Una carreggiata a doppio senso;Asciutto;Asfaltata;Verticale ed orizzontale;Sereno;Scarso;Buona;Ore Diurne;1;0;0;2;12,41323;41,98292;-1;3;Autovettura privata;In marcia / fermata / arresto;Conducente;F;Illeso;0;;;
3399905;1;18/07/2017 19:50;Strada Urbana;VIALE GIUSTINIANO IMPERATORE;all'intersezione con;VIA GALBA;VIA GALBA;;;Scontro frontale/laterale DX fra veicoli in marcia;Intersezione stradale segnalata;Due carreggiate;Asciutto;Asfaltata;Orizzontale;Sereno;Scarso;Sufficiente;Ore Diurne;1;0;0;1;12,48685;41,85527;-1;1;Autovettura privata;In marcia / fermata / arresto;Conducente;F;Illeso;0;;Non accertato;Inesploso