Protocollo;Gruppo;DataOraIncidente;Localizzazione1;STRADA1;Localizzazione2;STRADA2;Strada02;Chilometrica;DaSpecificare;NaturaIncidente;particolaritastrade;TipoStrada;FondoStradale;Pavimentazione;Segnaletica;CondizioneAtmosferica;Traffico;Visibilita;Illuminazione;NUM_FERITI;NUM_RISERVATA;NUM_MORTI;NUM_ILLESI;Longitudine;Latitudine;Confermato;Progressivo;TipoVeicolo;StatoVeicolo;TipoPersona;Sesso;Tipolesione;Deceduto;DecedutoDopo;CinturaCascoUtilizzato;Airbag
3409729;6;27/07/2017 08:30;Strada Urbana;VIALE DELLA VENEZIA GIULIA;all'intersezione con;VIA MONTONA;VIA MONTONA;;;Scontro frontale/laterale DX fra veicoli in marcia;Incrocio;Una carreggiata a doppio senso;Asciutto;Asfaltata;Orizzontale;Sereno;Normale;Buona;Ore Diurne;1;0;0;1;12,55103;41,8961;-1;1;Autovettura privata;In marcia / fermata / arresto;Conducente;F;Illeso;0;;Non accertato;Inesploso
3409729;6;27/07/2017 08:30;Strada Urbana;VIALE DELLA VENEZIA GIULIA;all'intersezione con;VIA MONTONA;VIA MONTONA;;;Scontro frontale/laterale DX fra veicoli in marcia;Incrocio;Una carreggiata a doppio senso;Asciutto;Asfaltata;Orizzontale;Sereno;Normale;Buona;Ore Diurne;1;0;0;1;12,55103;41,8961;-1;2;Velocipede;In marcia / fermata / arresto;Conducente;M;Rimandato;0;NON DECEDUTO;Esente;
3409751;19;26/07/2017 17:40;Strada Urbana;VIA CESIRA FIORI;in corrispondenza;;del civico n.;6;;Veicolo in marcia contro veicolo in sosta;Pendenza;Una carreggiata a doppio senso;Asciutto;Asfaltata;Verticale ed orizzontale;Sereno;Scarso;Buona;Ore Diurne;0;0;0;1;12,39814;41,95828;-1;1;Autovettura privata;In marcia / fermata / arresto;Conducente;M;Illeso;0;;Non accertato;Inesploso
3409757;20;27/07/2017 08:40;Strada Urbana;VIA VALDAGNO;all'intersezione con;VIA MONTEROSI;VIA MONTEROSI;;;Scontro frontale/laterale DX fra veicoli in marcia;Incrocio;Una carreggiata a doppio senso;Asciutto;Asfaltata;Verticale ed orizzontale;Sereno;Scarso;Buona;Ore Diurne;0;0;0;2;12,47155;41,94869;-1;1;Autovettura privata;In marcia / fermata / arresto;Conducente;M;Illeso;0;;Non accertato;Inesploso
3409757;20;27/07/2017 08:40;Strada Urbana;VIA VALDAGNO;all'intersezione con;VIA MONTEROSI;VIA MONTEROSI;;;Scontro frontale/laterale DX fra veicoli in marcia;Incrocio;Una carreggiata a doppio senso;Asciutto;Asfaltata;Verticale ed orizzontale;Sereno;Scarso;Buona;Ore Diurne;0;0;0;2;12,47155;41,94869;-1;2;Autovettura privata;In marcia / fermata / arresto;Conducente;F;Illeso;0;;Non accertato;Inesploso
3409771;13;26/07/2017 16:45;Strada Urbana;VIA FRANCESCO CILEA;all'intersezione con;VIA ERNESTO BOEZI;VIA ERNESTO BOEZI;;;Scontro frontale/laterale SX fra veicoli in marcia;Incrocio;Una carreggiata a doppio senso;Asciutto;Asfaltata;Verticale ed orizzontale;Sereno;Normale;Buona;Ore Diurne;0;0;0;3;12,37515;41,74494;-1;1;Autovettura privata;In marcia / fermata / arresto;Conducente;M;Illeso;0;;Non accertato;Inesploso
3409771;13;26/07/2017 16:45;Strada Urbana;VIA FRANCESCO CILEA;all'intersezione con;VIA ERNESTO BOEZI;VIA ERNESTO BOEZI;;;Scontro frontale/laterale SX fra veicoli in marcia;Incrocio;Una carreggiata a doppio senso;Asciutto;Asfaltata;Verticale ed orizzontale;Sereno;Normale;Buona;Ore Diurne;0;0;0;3;12,37515;41,74494;-1;1;Autovettura privata;In marcia / fermata / arresto;Passeggero;M;Illeso;0;;Non accertato;Inesploso
3409771;13;26/07/2017 16:45;Strada Urbana;VIA FRANCESCO CILEA;all'intersezione con;VIA ERNESTO BOEZI;VIA ERNESTO BOEZI;;;Scontro frontale/laterale SX fra veicoli in marcia;Incrocio;Una carreggiata a doppio senso;Asciutto;Asfaltata;Verticale ed orizzontale;Sereno;Normale;Buona;Ore Diurne;0;0;0;3;12,37515;41,74494;-1;2;Autovettura privata;In marcia / fermata / arresto;Conducente;F;Illeso;0;;Non accertato;Inesploso
3409817;17;26/07/2017 06:50;Strada Urbana;LUNGOTEVERE VATICANO;da specificare;;;;direzione Via Gregorio VII;Fuoriuscita dalla sede stradale;Sottopasso illuminato;Una carreggiata a senso unico di marcia;Asciutto;Asfaltata;Verticale ed orizzontale;Sereno;Normale;Buona;Ore Diurne;1;0;0;0;12,46427;41,90199;-1;1;Motociclo a solo;In marcia / fermata / arresto;Conducente;M;Rimandato;0;NON DECEDUTO;;
3409865;6;26/07/2017 17:25;Strada Urbana;VIA TOR DE' SCHIAVI;da specificare;;;;dal civico 281 al 303/a;Veicolo in marcia contro ostacolo accidentale;Rettilineo;Due carreggiate;Asciutto;Asfaltata;Temporanea di cantiere;Vento forte;Normale;Buona;Ore Diurne;0;0;0;10;12,56106;41,88954;-1;1;Autovettura privata;In marcia / fermata / arresto;Conducente;M;Illeso;0;;Non accertato;Inesploso
3409865;6;26/07/2017 17:25;Strada Urbana;VIA TOR DE' SCHIAVI;da specificare;;;;dal civico 281 al 303/a;Veicolo in marcia contro ostacolo accidentale;Rettilineo;Due carreggiate;Asciutto;Asfaltata;Temporanea di cantiere;Vento forte;Normale;Buona;Ore Diurne;0;0;0;10;12,56106;41,88954;-1;1;Autovettura privata;In marcia / fermata / arresto;Passeggero;M;Illeso;0;;Non accertato;Inesploso
3409865;6;26/07/2017 17:25;Strada Urbana;VIA TOR DE' SCHIAVI;da specificare;;;;dal civico 281 al 303/a;Veicolo in marcia contro ostacolo accidentale;Rettilineo;Due carreggiate;Asciutto;Asfaltata;Temporanea di cantiere;Vento forte;Normale;Buona;Ore Diurne;0;0;0;10;12,56106;41,88954;-1;2;Autovettura privata;In marcia / fermata / arresto;Conducente;M;Illeso;0;;Non accertato;Inesploso
3409865;6;26/07/2017 17:25;Strada Urbana;VIA TOR DE' SCHIAVI;da specificare;;;;dal civico 281 al 303/a;Veicolo in marcia contro ostacolo accidentale;Rettilineo;Due carreggiate;Asciutto;Asfaltata;Temporanea di cantiere;Vento forte;Normale;Buona;Ore Diurne;0;0;0;10;12,56106;41,88954;-1;3;Autovettura privata;In marcia / fermata / arresto;Conducente;M;Illeso;0;;Non accertato;Inesploso
3409865;6;26/07/2017 17:25;Strada Urbana;VIA TOR DE' SCHIAVI;da specificare;;;;dal civico 281 al 303/a;Veicolo in marcia contro ostacolo accidentale;Rettilineo;Due carreggiate;Asciutto;Asfaltata;Temporanea di cantiere;Vento forte;Normale;Buona;Ore Diurne;0;0;0;10;12,56106;41,88954;-1;3;Autovettura privata;In marcia / fermata / arresto;Passeggero;M;Illeso;0;;Non accertato;Inesploso
3409865;6;26/07/2017 17:25;Strada Urbana;VIA TOR DE' SCHIAVI;da specificare;;;;dal civico 281 al 303/a;Veicolo in marcia contro ostacolo accidentale;Rettilineo;Due carreggiate;Asciutto;Asfaltata;Temporanea di cantiere;Vento forte;Normale;Buona;Ore Diurne;0;0;0;10;12,56106;41,88954;-1;4;Autovettura privata;In marcia / fermata / arresto;Conducente;M;Illeso;0;;Non accertato;Inesploso
3409865;6;26/07/2017 17:25;Strada Urbana;VIA TOR DE' SCHIAVI;da specificare;;;;dal civico 281 al 303/a;Veicolo in marcia contro ostacolo accidentale;Rettilineo;Due carreggiate;Asciutto;Asfaltata;Temporanea di cantiere;Vento forte;Normale;Buona;Ore Diurne;0;0;0;10;12,56106;41,88954;-1;4;Autovettura privata;In marcia / fermata / arresto;Passeggero;F;Illeso;0;;Non accertato;Inesploso
3409865;6;26/07/2017 17:25;Strada Urbana;VIA TOR DE' SCHIAVI;da specificare;;;;dal civico 281 al 303/a;Veicolo in marcia contro ostacolo accidentale;Rettilineo;Due carreggiate;Asciutto;Asfaltata;Temporanea di cantiere;Vento forte;Normale;Buona;Ore Diurne;0;0;0;10;12,56106;41,88954;-1;5;Autovettura privata;In marcia / fermata / arresto;Conducente;M;Illeso;0;;Non accertato;Inesploso
3409865;6;26/07/2017 17:25;Strada Urbana;VIA TOR DE' SCHIAVI;da specificare;;;;dal civico 281 al 303/a;Veicolo in marcia contro ostacolo accidentale;Rettilineo;Due carreggiate;Asciutto;Asfaltata;Temporanea di cantiere;Vento forte;Normale;Buona;Ore Diurne;0;0;0;10;12,56106;41,88954;-1;6;Autovettura privata;In marcia / fermata / arresto;Conducente;M;Illeso;0;;Non accertato;Inesploso
3409865;6;26/07/2017 17:25;Strada Urbana;VIA TOR DE' SCHIAVI;da specificare;;;;dal civico 281 al 303/a;Veicolo in marcia contro ostacolo accidentale;Rettilineo;Due carreggiate;Asciutto;Asfaltata;Temporanea di cantiere;Vento forte;Normale;Buona;Ore Diurne;0;0;0;10;12,56106;41,88954;-1;6;Autovettura privata;In marcia / fermata / arresto;Passeggero;F;Illeso;0;;Non accertato;Inesploso
3409875;17;26/07/2017 17:45;Strada Urbana;LUNGOTEVERE DELLE ARMI;in prossimità;;del civico n.;23;;Tamponamento;Rettilineo;Una carreggiata a senso unico di marcia;Bagnato (pioggia);Asfaltata;Verticale ed orizzontale;Nuvoloso;Normale;Buona;Ore Diurne;0;0;0;3;12,46965;41,91729;-1;1;Autovettura privata;In marcia / fermata / arresto;Conducente;M;Illeso;0;;;
3409875;17;26/07/2017 17:45;Strada Urbana;LUNGOTEVERE DELLE ARMI;in prossimità;;del civico n.;23;;Tamponamento;Rettilineo;Una carreggiata a senso unico di marcia;Bagnato (pioggia);Asfaltata;Verticale ed orizzontale;Nuvoloso;Normale;Buona;Ore Diurne;0;0;0;3;12,46965;41,91729;-1;2;Autovettura privata;In marcia / fermata / arresto;Conducente;M;Illeso;0;;;
3409875;17;26/07/2017 17:45;Strada Urbana;LUNGOTEVERE DELLE ARMI;in prossimità;;del civico n.;23;;Tamponamento;Rettilineo;Una carreggiata a senso unico di marcia;Bagnato (pioggia);Asfaltata;Verticale ed orizzontale;Nuvoloso;Normale;Buona;Ore Diurne;0;0;0;3;12,46965;41,91729;-1;2;Autovettura privata;In marcia / fermata / arresto;Passeggero;M;Illeso;0;;;
3409915;9;27/07/2017 10:45;Strada Urbana;VIA LATINA;da specificare;;;;in prossimità di Largo Nicomede Bianchi;Scontro laterale fra veicoli in marcia;Rettilineo;Una carreggiata a senso unico di marcia;Asciutto;Asfaltata;Assente;Sereno;Scarso;Buona;Ore Diurne;1;0;0;1;12,52965;41,86495;-1;1;Autovettura privata;In marcia / fermata / arresto;Conducente;F;Illeso;0;;Non accertato;
3409915;9;27/07/2017 10:45;Strada Urbana;VIA LATINA;da specificare;;;;in prossimità di Largo Nicomede Bianchi;Scontro laterale fra veicoli in marcia;Rettilineo;Una carreggiata a senso unico di marcia;Asciutto;Asfaltata;Assente;Sereno;Scarso;Buona;Ore Diurne;1;0;0;1;12,52965;41,86495;-1;2;Motociclo a solo;In marcia / fermata / arresto;Conducente;M;Rimandato;0;NON DECEDUTO;Non accertato;
3409918;6;27/07/2017 10:35;Statale entro l'abitato;VIA CASILINA;in corrispondenza;;del civico n.;480;;Scontro laterale fra veicoli in marcia;Rettilineo;Due carreggiate;Asciutto;Asfaltata;Orizzontale;Sereno;Normale;Buona;Ore Diurne;0;0;0;3;12,54556;41,87867;-1;1;Autovettura privata;In marcia / fermata / arresto;Conducente;M;Illeso;0;;Non accertato;Inesploso
3409918;6;27/07/2017 10:35;Statale entro l'abitato;VIA CASILINA;in corrispondenza;;del civico n.;480;;Scontro laterale fra veicoli in marcia;Rettilineo;Due carreggiate;Asciutto;Asfaltata;Orizzontale;Sereno;Normale;Buona;Ore Diurne;0;0;0;3;12,54556;41,87867;-1;1;Autovettura privata;In marcia / fermata / arresto;Passeggero;M;Illeso;0;;Non accertato;Inesploso
3409918;6;27/07/2017 10:35;Statale entro l'abitato;VIA CASILINA;in corrispondenza;;del civico n.;480;;Scontro laterale fra veicoli in marcia;Rettilineo;Due carreggiate;Asciutto;Asfaltata;Orizzontale;Sereno;Normale;Buona;Ore Diurne;0;0;0;3;12,54556;41,87867;-1;2;Autovettura privata;In marcia / fermata / arresto;Conducente;M;Illeso;0;;Non accertato;Inesploso
3409927;6;27/07/2017 02:10;Strada Urbana;VIA PRENESTINA;da specificare;;;;fronte civico 51/a;Investimento di pedone;Rettilineo;Più di due carreggiate;Asciutto;Asfaltata;Verticale ed orizzontale;Sereno;Scarso;Buona;Sufficiente;1;0;0;3;12,52556;41,89128;-1;;;;Pedone;M;Rimandato;0;NON DECEDUTO;;
3409927;6;27/07/2017 02:10;Strada Urbana;VIA PRENESTINA;da specificare;;;;fronte civico 51/a;Investimento di pedone;Rettilineo;Più di due carreggiate;Asciutto;Asfaltata;Verticale ed orizzontale;Sereno;Scarso;Buona;Sufficiente;1;0;0;3;12,52556;41,89128;-1;1;Autovettura privata;In marcia / fermata / arresto;Conducente;M;Illeso;0;;;
3409927;6;27/07/2017 02:10;Strada Urbana;VIA PRENESTINA;da specificare;;;;fronte civico 51/a;Investimento di pedone;Rettilineo;Più di due carreggiate;Asciutto;Asfaltata;Verticale ed orizzontale;Sereno;Scarso;Buona;Sufficiente;1;0;0;3;12,52556;41,89128;-1;1;Autovettura privata;In marcia / fermata / arresto;Passeggero;M;Illeso;0;;;
3409927;6;27/07/2017 02:10;Strada Urbana;VIA PRENESTINA;da specificare;;;;fronte civico 51/a;Investimento di pedone;Rettilineo;Più di due carreggiate;Asciutto;Asfaltata;Verticale ed orizzontale;Sereno;Scarso;Buona;Sufficiente;1;0;0;3;12,52556;41,89128;-1;1;Autovettura privata;In marcia / fermata / arresto;Passeggero;F;Illeso;0;;;
3409931;4;26/07/2017 21:30;Strada Urbana;VIA NOMENTANA NUOVA;in prossimità;;del civico n.;35;;Scontro frontale/laterale SX fra veicoli in marcia;Rettilineo;Una carreggiata a doppio senso;Asciutto;Asfaltata;Verticale ed orizzontale;Nuvoloso;Normale;Sufficiente;Sufficiente;0;0;0;1;12,53045;41,93402;-1;2;Autovettura privata;In marcia / fermata / arresto;Conducente;M;Illeso;0;;;
3409936;2;26/07/2017 09:05;Strada Urbana;VIA ANTONAZZO ROMANO;all'intersezione con;VIALE PINTURICCHIO;VIALE PINTURICCHIO;;;Scontro frontale/laterale DX fra veicoli in marcia;Incrocio;Più di due carreggiate;Asciutto;Asfaltata;Verticale ed orizzontale;Sereno;Normale;Buona;Ore Diurne;1;0;0;1;12,46297;41,92884;-1;1;Autovettura privata;In marcia / fermata / arresto;Conducente;F;Rimandato;0;NON DECEDUTO;;
3409936;2;26/07/2017 09:05;Strada Urbana;VIA ANTONAZZO ROMANO;all'intersezione con;VIALE PINTURICCHIO;VIALE PINTURICCHIO;;;Scontro frontale/laterale DX fra veicoli in marcia;Incrocio;Più di due carreggiate;Asciutto;Asfaltata;Verticale ed orizzontale;Sereno;Normale;Buona;Ore Diurne;1;0;0;1;12,46297;41,92884;-1;2;Autovettura privata;In marcia / fermata / arresto;Conducente;M;Illeso;0;;;
3409937;2;26/07/2017 11:15;Strada Urbana;VIALE ERITREA;in prossimità;;del civico n.;67;;Tamponamento Multiplo;Rettilineo;Una carreggiata a senso unico di marcia;Asciutto;Asfaltata;Verticale ed orizzontale;Sereno;Normale;Buona;Ore Diurne;1;0;0;4;12,51565;41,92671;-1;1;Autovettura privata;In marcia / fermata / arresto;Conducente;F;Rimandato;0;NON DECEDUTO;Non accertato;
3409937;2;26/07/2017 11:15;Strada Urbana;VIALE ERITREA;in prossimità;;del civico n.;67;;Tamponamento Multiplo;Rettilineo;Una carreggiata a senso unico di marcia;Asciutto;Asfaltata;Verticale ed orizzontale;Sereno;Normale;Buona;Ore Diurne;1;0;0;4;12,51565;41,92671;-1;1;Autovettura privata;In marcia / fermata / arresto;Passeggero;M;Illeso;0;;;
3409937;2;26/07/2017 11:15;Strada Urbana;VIALE ERITREA;in prossimità;;del civico n.;67;;Tamponamento Multiplo;Rettilineo;Una carreggiata a senso unico di marcia;Asciutto;Asfaltata;Verticale ed orizzontale;Sereno;Normale;Buona;Ore Diurne;1;0;0;4;12,51565;41,92671;-1;2;Autovettura privata;In marcia / fermata / arresto;Conducente;M;Illeso;0;;;
3409937;2;26/07/2017 11:15;Strada Urbana;VIALE ERITREA;in prossimità;;del civico n.;67;;Tamponamento Multiplo;Rettilineo;Una carreggiata a senso unico di marcia;Asciutto;Asfaltata;Verticale ed orizzontale;Sereno;Normale;Buona;Ore Diurne;1;0;0;4;12,51565;41,92671;-1;2;Autovettura privata;In marcia / fermata / arresto;Passeggero;M;Illeso;0;;Non accertato;
3409937;2;26/07/2017 11:15;Strada Urbana;VIALE ERITREA;in prossimità;;del civico n.;67;;Tamponamento Multiplo;Rettilineo;Una carreggiata a senso unico di marcia;Asciutto;Asfaltata;Verticale ed orizzontale;Sereno;Normale;Buona;Ore Diurne;1;0;0;4;12,51565;41,92671;-1;3;Autovettura pubblica;In marcia / fermata / arresto;Conducente;M;Illeso;0;;;
3409940;2;26/07/2017 13:20;Strada Urbana;LARGO GIUSEPPE TARTINI;in prossimità;;del civico n.;4;;Veicolo in marcia contro ostacolo accidentale;Rettilineo;Una carreggiata a senso unico di marcia;Viscido da liquidi oleosi;Asfaltata;Verticale ed orizzontale;Nuvoloso;Normale;Buona;Ore Diurne;0;0;0;1;12,49478;41,91623;-1;1;Motociclo a solo;In marcia / fermata / arresto;Conducente;M;Illeso;0;;Non accertato;
3409942;2;26/07/2017 13:25;Strada Urbana;LARGO GIUSEPPE TARTINI;in prossimità;;del civico n.;4;;Infortunio per sola frenata improvvisa;Rettilineo;Una carreggiata a senso unico di marcia;Asciutto;Asfaltata;Temporanea di cantiere;Nuvoloso;Normale;Buona;Ore Diurne;1;0;0;0;12,4946;41,91633;-1;1;Motociclo a solo;In marcia / fermata / arresto;Conducente;M;Rimandato;0;NON DECEDUTO;Non accertato;
3409954;4;27/07/2017 01:15;Strada Urbana;VIA UGO OJETTI;all'intersezione semaforizzata con;PIAZZA GIUSEPPE PRIMOLI;PIAZZA GIUSEPPE PRIMOLI;;;Scontro laterale fra veicoli in marcia;Rotatoria;Due carreggiate;Bagnato (umidità in atto);Asfaltata;Verticale ed orizzontale;Nuvoloso;Scarso;Buona;Sufficiente;0;0;0;4;12,55481;41,94735;-1;1;Autovettura privata;In marcia / fermata / arresto;Conducente;F;Illeso;0;;;
3409954;4;27/07/2017 01:15;Strada Urbana;VIA UGO OJETTI;all'intersezione semaforizzata con;PIAZZA GIUSEPPE PRIMOLI;PIAZZA GIUSEPPE PRIMOLI;;;Scontro laterale fra veicoli in marcia;Rotatoria;Due carreggiate;Bagnato (umidità in atto);Asfaltata;Verticale ed orizzontale;Nuvoloso;Scarso;Buona;Sufficiente;0;0;0;4;12,55481;41,94735;-1;1;Autovettura privata;In marcia / fermata / arresto;Passeggero;M;Illeso;0;;;
3409954;4;27/07/2017 01:15;Strada Urbana;VIA UGO OJETTI;all'intersezione semaforizzata con;PIAZZA GIUSEPPE PRIMOLI;PIAZZA GIUSEPPE PRIMOLI;;;Scontro laterale fra veicoli in marcia;Rotatoria;Due carreggiate;Bagnato (umidità in atto);Asfaltata;Verticale ed orizzontale;Nuvoloso;Scarso;Buona;Sufficiente;0;0;0;4;12,55481;41,94735;-1;2;Autovettura privata;In marcia / fermata / arresto;Conducente;F;Illeso;0;;;
3409954;4;27/07/2017 01:15;Strada Urbana;VIA UGO OJETTI;all'intersezione semaforizzata con;PIAZZA GIUSEPPE PRIMOLI;PIAZZA GIUSEPPE PRIMOLI;;;Scontro laterale fra veicoli in marcia;Rotatoria;Due carreggiate;Bagnato (umidità in atto);Asfaltata;Verticale ed orizzontale;Nuvoloso;Scarso;Buona;Sufficiente;0;0;0;4;12,55481;41,94735;-1;2;Autovettura privata;In marcia / fermata / arresto;Passeggero;M;Illeso;0;;;
3409966;1;26/07/2017 16:20;Strada Urbana;VIALE DI PORTA ARDEATINA;all'intersezione con;VIA GIOVANNI MIANI;VIA GIOVANNI MIANI;;;Veicolo in marcia contro veicoli in sosta;Incrocio;Una carreggiata a doppio senso;Asciutto;Asfaltata;Verticale ed orizzontale;Sereno;Normale;Buona;Ore Diurne;1;0;0;0;12,48644;41,87631;-1;1;Autovettura privata;In marcia / fermata / arresto;Conducente;M;Rifiuta cure immediate;0;NON DECEDUTO;Non accertato;
3409977;6;27/07/2017 11:40;Strada Urbana;VIALE DELLA SERENISSIMA;all'intersezione semaforizzata con;VIA PRENESTINA;VIA PRENESTINA;;;Scontro laterale fra veicoli in marcia;Intersezione semaforizzata;Due carreggiate;Asciutto;Asfaltata;Verticale ed orizzontale;Sereno;Normale;Buona;Ore Diurne;0;0;0;3;12,55913;41,89485;-1;1;Autocarro inferiore 35 q.;In marcia / fermata / arresto;Conducente;M;Illeso;0;;Non accertato;Inesploso
3409977;6;27/07/2017 11:40;Strada Urbana;VIALE DELLA SERENISSIMA;all'intersezione semaforizzata con;VIA PRENESTINA;VIA PRENESTINA;;;Scontro laterale fra veicoli in marcia;Intersezione semaforizzata;Due carreggiate;Asciutto;Asfaltata;Verticale ed orizzontale;Sereno;Normale;Buona;Ore Diurne;0;0;0;3;12,55913;41,89485;-1;2;Autovettura privata;In marcia / fermata / arresto;Conducente;M;Illeso;0;;Non accertato;Inesploso
3409977;6;27/07/2017 11:40;Strada Urbana;VIALE DELLA SERENISSIMA;all'intersezione semaforizzata con;VIA PRENESTINA;VIA PRENESTINA;;;Scontro laterale fra veicoli in marcia;Intersezione semaforizzata;Due carreggiate;Asciutto;Asfaltata;Verticale ed orizzontale;Sereno;Normale;Buona;Ore Diurne;0;0;0;3;12,55913;41,89485;-1;2;Autovettura privata;In marcia / fermata / arresto;Passeggero;F;Illeso;0;;Non accertato;Inesploso
3409988;4;26/07/2017 14:10;Strada Urbana;VIA OLINDO GUERRINI;all'intersezione con;VIA DARIO NICCODEMI;VIA DARIO NICCODEMI;;;Scontro frontale/laterale DX fra veicoli in marcia;Incrocio;Una carreggiata a doppio senso;Bagnato (pioggia);Asfaltata;Verticale ed orizzontale;Pioggia in atto;Normale;Buona;Ore Diurne;0;0;0;2;12,5472;41,95549;-1;1;Autovettura privata;In marcia / fermata / arresto;Conducente;M;Illeso;0;;;
3409988;4;26/07/2017 14:10;Strada Urbana;VIA OLINDO GUERRINI;all'intersezione con;VIA DARIO NICCODEMI;VIA DARIO NICCODEMI;;;Scontro frontale/laterale DX fra veicoli in marcia;Incrocio;Una carreggiata a doppio senso;Bagnato (pioggia);Asfaltata;Verticale ed orizzontale;Pioggia in atto;Normale;Buona;Ore Diurne;0;0;0;2;12,5472;41,95549;-1;2;Autovettura privata;In marcia / fermata / arresto;Conducente;M;Illeso;0;;;
3410022;7;27/07/2017 03:40;Strada Urbana;PIAZZA DELLE CAMELIE;all'intersezione con;VIA TOR DE' SCHIAVI;VIA TOR DE' SCHIAVI;;;Scontro laterale fra veicoli in marcia;Incrocio;Una carreggiata a senso unico di marcia;Asciutto;Asfaltata;Assente;Nuvoloso;Scarso;Buona;Sufficiente;1;0;0;2;12,56436;41,87633;-1;1;Autovettura privata;In marcia / fermata / arresto;Conducente;F;Rimandato;0;NON DECEDUTO;Non accertato;Inesploso
3410022;7;27/07/2017 03:40;Strada Urbana;PIAZZA DELLE CAMELIE;all'intersezione con;VIA TOR DE' SCHIAVI;VIA TOR DE' SCHIAVI;;;Scontro laterale fra veicoli in marcia;Incrocio;Una carreggiata a senso unico di marcia;Asciutto;Asfaltata;Assente;Nuvoloso;Scarso;Buona;Sufficiente;1;0;0;2;12,56436;41,87633;-1;1;Autovettura privata;In marcia / fermata / arresto;Passeggero;M;Illeso;0;;Non accertato;Inesploso
3410022;7;27/07/2017 03:40;Strada Urbana;PIAZZA DELLE CAMELIE;all'intersezione con;VIA TOR DE' SCHIAVI;VIA TOR DE' SCHIAVI;;;Scontro laterale fra veicoli in marcia;Incrocio;Una carreggiata a senso unico di marcia;Asciutto;Asfaltata;Assente;Nuvoloso;Scarso;Buona;Sufficiente;1;0;0;2;12,56436;41,87633;-1;2;Autocarro inferiore 35 q.;In marcia / fermata / arresto;Conducente;M;Illeso;0;;Non accertato;Inesploso
3410060;6;27/07/2017 08:55;Strada Urbana;VIA PRENESTINA;in corrispondenza;;del civico n.;321;;Scontro laterale fra veicoli in marcia;Rettilineo;Due carreggiate;Asciutto;Asfaltata;Verticale ed orizzontale;Sereno;Scarso;Buona;Ore Diurne;0;0;0;2;12,55038;41,89398;-1;1;Autovettura privata;In marcia / fermata / arresto;Conducente;M;Illeso;0;;;
3410060;6;27/07/2017 08:55;Strada Urbana;VIA PRENESTINA;in corrispondenza;;del civico n.;321;;Scontro laterale fra veicoli in marcia;Rettilineo;Due carreggiate;Asciutto;Asfaltata;Verticale ed orizzontale;Sereno;Scarso;Buona;Ore Diurne;0;0;0;2;12,55038;41,89398;-1;2;Autobus di linea;In marcia / fermata / arresto;Conducente;M;Illeso;0;;;
3410163;16;26/07/2017 16:50;Strada Urbana;VIALE DEI COLLI PORTUENSI;in corrispondenza;;del civico n.;422;;Tamponamento;Rettilineo;Due carreggiate;Asciutto;Asfaltata;Verticale ed orizzontale;Nuvoloso;Normale;Buona;Ore Diurne;0;0;0;2;12,44354;41,86427;-1;1;Motociclo a solo;In marcia / fermata / arresto;Conducente;M;Illeso;0;;;
3410163;16;26/07/2017 16:50;Strada Urbana;VIALE DEI COLLI PORTUENSI;in corrispondenza;;del civico n.;422;;Tamponamento;Rettilineo;Due carreggiate;Asciutto;Asfaltata;Verticale ed orizzontale;Nuvoloso;Normale;Buona;Ore Diurne;0;0;0;2;12,44354;41,86427;-1;2;Motociclo a solo;In marcia / fermata / arresto;Conducente;M;Illeso;0;;;
3410183;2;26/07/2017 14:00;Strada Urbana;VIALE DEL MURO TORTO;da specificare;;;;dir. P.le Flaminio 50 mt. dopo P.le Brasile;Veicolo in marcia contro ostacolo accidentale;Rettilineo;Due carreggiate;Asciutto;Asfaltata;Verticale ed orizzontale;Sereno;Normale;Buona;Ore Diurne;0;0;0;1;12,48743;41,90965;-1;1;Motociclo a solo;In marcia / fermata / arresto;Conducente;M;Illeso;0;;Non accertato;
3410200;16;26/07/2017 21:00;Strada Urbana;VIA DELLA MAGLIANA;in corrispondenza;;del civico n.;46;;Scontro laterale fra veicoli in marcia;Rettilineo;Una carreggiata a doppio senso;Asciutto;Asfaltata;Orizzontale;Sereno;Normale;Buona;Sufficiente;0;0;0;4;12,45952;41,85841;-1;1;Autovettura privata;In marcia / fermata / arresto;Conducente;M;Illeso;0;;Non accertato;Inesploso
3410200;16;26/07/2017 21:00;Strada Urbana;VIA DELLA MAGLIANA;in corrispondenza;;del civico n.;46;;Scontro laterale fra veicoli in marcia;Rettilineo;Una carreggiata a doppio senso;Asciutto;Asfaltata;Orizzontale;Sereno;Normale;Buona;Sufficiente;0;0;0;4;12,45952;41,85841;-1;1;Autovettura privata;In marcia / fermata / arresto;Passeggero;M;Illeso;0;;Non accertato;Inesploso
3410200;16;26/07/2017 21:00;Strada Urbana;VIA DELLA MAGLIANA;in corrispondenza;;del civico n.;46;;Scontro laterale fra veicoli in marcia;Rettilineo;Una carreggiata a doppio senso;Asciutto;Asfaltata;Orizzontale;Sereno;Normale;Buona;Sufficiente;0;0;0;4;12,45952;41,85841;-1;2;Autovettura privata;In marcia / fermata / arresto;Conducente;F;Illeso;0;;Non accertato;Inesploso
3410200;16;26/07/2017 21:00;Strada Urbana;VIA DELLA MAGLIANA;in corrispondenza;;del civico n.;46;;Scontro laterale fra veicoli in marcia;Rettilineo;Una carreggiata a doppio senso;Asciutto;Asfaltata;Orizzontale;Sereno;Normale;Buona;Sufficiente;0;0;0;4;12,45952;41,85841;-1;2;Autovettura privata;In marcia / fermata / arresto;Passeggero;F;Illeso;0;;Non accertato;Inesploso