Protocollo;Gruppo;DataOraIncidente;Localizzazione1;STRADA1;Localizzazione2;STRADA2;Strada02;Chilometrica;DaSpecificare;NaturaIncidente;particolaritastrade;TipoStrada;FondoStradale;Pavimentazione;Segnaletica;CondizioneAtmosferica;Traffico;Visibilita;Illuminazione;NUM_FERITI;NUM_RISERVATA;NUM_MORTI;NUM_ILLESI;Longitudine;Latitudine;Confermato;Progressivo;TipoVeicolo;StatoVeicolo;TipoPersona;Sesso;Tipolesione;Deceduto;DecedutoDopo;CinturaCascoUtilizzato;Airbag
3412234;8;28/07/2017 16:00;Strada Urbana;VIA DELL'ASTORE;in corrispondenza;;del civico n.;36;;Scontro laterale fra veicoli in marcia;Curva a visuale libera;Una carreggiata a senso unico di marcia;Asciutto;Asfaltata;Assente;Sereno;Scarso;Buona;Ore Diurne;0;0;0;2;12,59262;41,87322;-1;2;Autovettura privata;In marcia / fermata / arresto;Conducente;M;Illeso;0;;;
3412235;1;28/07/2017 21:30;Strada Urbana;VIA GIUSEPPE ROMITA;all'intersezione con;VIA CERNAIA;VIA CERNAIA;;;Scontro frontale/laterale DX fra veicoli in marcia;Incrocio;Una carreggiata a senso unico di marcia;Asciutto;In cubetti di porfido;Verticale ed orizzontale;Sereno;Normale;Sufficiente;Sufficiente;0;0;0;4;12,49599;41,90358;-1;1;Autovettura privata;In marcia / fermata / arresto;Conducente;M;Illeso;0;;Non accertato;Inesploso
3412235;1;28/07/2017 21:30;Strada Urbana;VIA GIUSEPPE ROMITA;all'intersezione con;VIA CERNAIA;VIA CERNAIA;;;Scontro frontale/laterale DX fra veicoli in marcia;Incrocio;Una carreggiata a senso unico di marcia;Asciutto;In cubetti di porfido;Verticale ed orizzontale;Sereno;Normale;Sufficiente;Sufficiente;0;0;0;4;12,49599;41,90358;-1;1;Autovettura privata;In marcia / fermata / arresto;Passeggero;F;Illeso;0;;Non accertato;Inesploso
3412235;1;28/07/2017 21:30;Strada Urbana;VIA GIUSEPPE ROMITA;all'intersezione con;VIA CERNAIA;VIA CERNAIA;;;Scontro frontale/laterale DX fra veicoli in marcia;Incrocio;Una carreggiata a senso unico di marcia;Asciutto;In cubetti di porfido;Verticale ed orizzontale;Sereno;Normale;Sufficiente;Sufficiente;0;0;0;4;12,49599;41,90358;-1;2;Autovettura privata;In marcia / fermata / arresto;Conducente;M;Illeso;0;;Non accertato;Inesploso
3412235;1;28/07/2017 21:30;Strada Urbana;VIA GIUSEPPE ROMITA;all'intersezione con;VIA CERNAIA;VIA CERNAIA;;;Scontro frontale/laterale DX fra veicoli in marcia;Incrocio;Una carreggiata a senso unico di marcia;Asciutto;In cubetti di porfido;Verticale ed orizzontale;Sereno;Normale;Sufficiente;Sufficiente;0;0;0;4;12,49599;41,90358;-1;2;Autovettura privata;In marcia / fermata / arresto;Passeggero;F;Illeso;0;;Non accertato;Inesploso
3412246;20;28/07/2017 21:15;Strada Urbana;VIA FLAMINIA;all'intersezione con;VIA BEVAGNA;VIA BEVAGNA;;;Veicolo in marcia contro veicolo in sosta;Incrocio;Una carreggiata a doppio senso;Asciutto;Asfaltata;Verticale ed orizzontale;Sereno;Scarso;Buona;Sufficiente;1;0;0;0;12,47243;41,94468;-1;1;Motociclo a solo;In marcia / fermata / arresto;Conducente;M;Ricoverato;0;NON DECEDUTO;Non accertato;
3412248;13;28/07/2017 22:45;Strada Urbana;VIA UMBERTO CAGNI;all'intersezione con;VIA GIOVANNI INGRAO;VIA GIOVANNI INGRAO;;;Investimento di pedone;Incrocio;Una carreggiata a doppio senso;Asciutto;Asfaltata;Verticale ed orizzontale;Sereno;Scarso;Sufficiente;Sufficiente;2;0;0;1;12,25977;41,73647;-1;;;;Pedone;F;Rimandato;0;NON DECEDUTO;;
3412248;13;28/07/2017 22:45;Strada Urbana;VIA UMBERTO CAGNI;all'intersezione con;VIA GIOVANNI INGRAO;VIA GIOVANNI INGRAO;;;Investimento di pedone;Incrocio;Una carreggiata a doppio senso;Asciutto;Asfaltata;Verticale ed orizzontale;Sereno;Scarso;Sufficiente;Sufficiente;2;0;0;1;12,25977;41,73647;-1;;;;Pedone;M;Rimandato;0;NON DECEDUTO;;
3412248;13;28/07/2017 22:45;Strada Urbana;VIA UMBERTO CAGNI;all'intersezione con;VIA GIOVANNI INGRAO;VIA GIOVANNI INGRAO;;;Investimento di pedone;Incrocio;Una carreggiata a doppio senso;Asciutto;Asfaltata;Verticale ed orizzontale;Sereno;Scarso;Sufficiente;Sufficiente;2;0;0;1;12,25977;41,73647;-1;1;Autovettura privata;In marcia / fermata / arresto;Conducente;M;Illeso;0;;;
3412257;1;28/07/2017 23:20;Strada Urbana;VIA DEL TEATRO DI MARCELLO;in prossimità;;del palo luce n.;7;;Veicolo in marcia contro ostacolo accidentale;Rettilineo;Una carreggiata a doppio senso;Asciutto;Acciotolata;Verticale;Sereno;Scarso;Sufficiente;Sufficiente;0;0;0;1;12,48123;41,89311;-1;1;Motociclo a solo;In marcia / fermata / arresto;Conducente;M;Illeso;0;;Non accertato;
3412272;1;28/07/2017 20:07;Strada Urbana;VIA DEI GRECI;in prossimità;;del civico n.;44;;Veicolo in marcia contro veicolo in sosta;Rettilineo;Una carreggiata a senso unico di marcia;Asciutto;In cubetti di porfido;Verticale;Sereno;Scarso;Buona;Sufficiente;0;0;0;2;12,4791;41,90756;-1;2;Autovettura privata;In marcia / fermata / arresto;Conducente;F;Illeso;0;;Non accertato;
3412272;1;28/07/2017 20:07;Strada Urbana;VIA DEI GRECI;in prossimità;;del civico n.;44;;Veicolo in marcia contro veicolo in sosta;Rettilineo;Una carreggiata a senso unico di marcia;Asciutto;In cubetti di porfido;Verticale;Sereno;Scarso;Buona;Sufficiente;0;0;0;2;12,4791;41,90756;-1;2;Autovettura privata;In marcia / fermata / arresto;Passeggero;F;Illeso;0;;Non accertato;Inesploso
3412298;23;28/07/2017 18:50;Comunale extraurbana;VIA CRISTOFORO COLOMBO;all'intersezione semaforizzata con;VIA DI CASAL PALOCCO;VIA DI CASAL PALOCCO;;;Scontro laterale fra veicoli in marcia;Intersezione semaforizzata;Più di due carreggiate;Asciutto;Asfaltata;Verticale;Sereno;Normale;Buona;Ore Diurne;0;0;0;3;12,35748;41,74547;-1;1;Autovettura privata;In marcia / fermata / arresto;Conducente;F;Illeso;0;;Utilizzato;Inesploso
3412298;23;28/07/2017 18:50;Comunale extraurbana;VIA CRISTOFORO COLOMBO;all'intersezione semaforizzata con;VIA DI CASAL PALOCCO;VIA DI CASAL PALOCCO;;;Scontro laterale fra veicoli in marcia;Intersezione semaforizzata;Più di due carreggiate;Asciutto;Asfaltata;Verticale;Sereno;Normale;Buona;Ore Diurne;0;0;0;3;12,35748;41,74547;-1;2;Autovettura privata;In marcia / fermata / arresto;Conducente;M;Illeso;0;;Utilizzato;Inesploso
3412298;23;28/07/2017 18:50;Comunale extraurbana;VIA CRISTOFORO COLOMBO;all'intersezione semaforizzata con;VIA DI CASAL PALOCCO;VIA DI CASAL PALOCCO;;;Scontro laterale fra veicoli in marcia;Intersezione semaforizzata;Più di due carreggiate;Asciutto;Asfaltata;Verticale;Sereno;Normale;Buona;Ore Diurne;0;0;0;3;12,35748;41,74547;-1;2;Autovettura privata;In marcia / fermata / arresto;Passeggero;F;Illeso;0;;Utilizzato;Inesploso
3412314;1;27/07/2017 09:15;Strada Urbana;LUNGOTEVERE TOR DI NONA;in prossimità;;del palo luce n.;13;;Scontro laterale fra veicoli in marcia;Rettilineo;Una carreggiata a senso unico di marcia;Asciutto;Asfaltata;Verticale ed orizzontale;Sereno;Intenso;Buona;Ore Diurne;1;0;0;1;12,46916;41,90151;-1;1;Motociclo a solo;In marcia / fermata / arresto;Conducente;F;Rimandato;0;NON DECEDUTO;Non accertato;
3412314;1;27/07/2017 09:15;Strada Urbana;LUNGOTEVERE TOR DI NONA;in prossimità;;del palo luce n.;13;;Scontro laterale fra veicoli in marcia;Rettilineo;Una carreggiata a senso unico di marcia;Asciutto;Asfaltata;Verticale ed orizzontale;Sereno;Intenso;Buona;Ore Diurne;1;0;0;1;12,46916;41,90151;-1;2;Autovettura privata;In marcia / fermata / arresto;Conducente;M;Illeso;0;;Utilizzato;Inesploso
3412316;13;29/07/2017 10:35;Strada Urbana;VIA ARISTIDE CARABELLI;all'intersezione con;VIA CORRADO DEL GRECO;VIA CORRADO DEL GRECO;;;Scontro frontale/laterale SX fra veicoli in marcia;Incrocio;Due carreggiate;Asciutto;Asfaltata;Verticale ed orizzontale;Sereno;Normale;Buona;Ore Diurne;0;0;0;2;12,26853;41,73861;-1;1;Autovettura privata;In marcia / fermata / arresto;Conducente;M;Illeso;0;;Non accertato;Inesploso
3412316;13;29/07/2017 10:35;Strada Urbana;VIA ARISTIDE CARABELLI;all'intersezione con;VIA CORRADO DEL GRECO;VIA CORRADO DEL GRECO;;;Scontro frontale/laterale SX fra veicoli in marcia;Incrocio;Due carreggiate;Asciutto;Asfaltata;Verticale ed orizzontale;Sereno;Normale;Buona;Ore Diurne;0;0;0;2;12,26853;41,73861;-1;2;Autovettura privata;In marcia / fermata / arresto;Conducente;M;Illeso;0;;Non accertato;Inesploso
3412326;13;28/07/2017 20:10;Strada Urbana;VIALE DEI ROMAGNOLI;all'intersezione con;VIA PERICLE DUCATI;VIA PERICLE DUCATI;;;Scontro frontale/laterale DX fra veicoli in marcia;Incrocio;Una carreggiata a doppio senso;Asciutto;Asfaltata;Orizzontale;Sereno;Normale;Buona;Ore Diurne;2;0;0;1;12,30301;41,75879;-1;1;Motociclo con passeggero;In marcia / fermata / arresto;Conducente;M;Rifiuta cure immediate;0;NON DECEDUTO;Utilizzato;
3412326;13;28/07/2017 20:10;Strada Urbana;VIALE DEI ROMAGNOLI;all'intersezione con;VIA PERICLE DUCATI;VIA PERICLE DUCATI;;;Scontro frontale/laterale DX fra veicoli in marcia;Incrocio;Una carreggiata a doppio senso;Asciutto;Asfaltata;Orizzontale;Sereno;Normale;Buona;Ore Diurne;2;0;0;1;12,30301;41,75879;-1;1;Motociclo con passeggero;In marcia / fermata / arresto;Passeggero;M;Rimandato;0;NON DECEDUTO;Utilizzato;
3412326;13;28/07/2017 20:10;Strada Urbana;VIALE DEI ROMAGNOLI;all'intersezione con;VIA PERICLE DUCATI;VIA PERICLE DUCATI;;;Scontro frontale/laterale DX fra veicoli in marcia;Incrocio;Una carreggiata a doppio senso;Asciutto;Asfaltata;Orizzontale;Sereno;Normale;Buona;Ore Diurne;2;0;0;1;12,30301;41,75879;-1;2;Autovettura privata;In marcia / fermata / arresto;Conducente;M;Illeso;0;;Non accertato;Inesploso
3412338;1;28/07/2017 09:15;Strada Urbana;VIALE CASTRO PRETORIO;in prossimità;;del civico n.;97;;Scontro frontale/laterale DX fra veicoli in marcia;Rettilineo;Una carreggiata a doppio senso;Asciutto;Asfaltata;Verticale ed orizzontale;Nuvoloso;Normale;Buona;Ore Diurne;0;0;0;3;12,50573;41,90509;-1;1;Autovettura privata;In marcia / fermata / arresto;Conducente;F;Illeso;0;;Non accertato;Inesploso
3412338;1;28/07/2017 09:15;Strada Urbana;VIALE CASTRO PRETORIO;in prossimità;;del civico n.;97;;Scontro frontale/laterale DX fra veicoli in marcia;Rettilineo;Una carreggiata a doppio senso;Asciutto;Asfaltata;Verticale ed orizzontale;Nuvoloso;Normale;Buona;Ore Diurne;0;0;0;3;12,50573;41,90509;-1;2;Autovettura privata;In marcia / fermata / arresto;Conducente;F;Illeso;0;;Non accertato;Inesploso
3412338;1;28/07/2017 09:15;Strada Urbana;VIALE CASTRO PRETORIO;in prossimità;;del civico n.;97;;Scontro frontale/laterale DX fra veicoli in marcia;Rettilineo;Una carreggiata a doppio senso;Asciutto;Asfaltata;Verticale ed orizzontale;Nuvoloso;Normale;Buona;Ore Diurne;0;0;0;3;12,50573;41,90509;-1;2;Autovettura privata;In marcia / fermata / arresto;Passeggero;F;Illeso;0;;Non accertato;Inesploso
3412346;1;27/07/2017 17:25;Strada Urbana;VIA VITTORIO VENETO;all'intersezione con;VIA LIGURIA;VIA LIGURIA;;;Scontro laterale fra veicoli in marcia;Incrocio;Due carreggiate;Asciutto;Asfaltata;Verticale ed orizzontale;Sereno;Normale;Buona;Ore Diurne;0;0;0;2;12,48954;41,90612;-1;1;Autovettura pubblica;In marcia / fermata / arresto;Conducente;M;Illeso;0;;Non accertato;
3412346;1;27/07/2017 17:25;Strada Urbana;VIA VITTORIO VENETO;all'intersezione con;VIA LIGURIA;VIA LIGURIA;;;Scontro laterale fra veicoli in marcia;Incrocio;Due carreggiate;Asciutto;Asfaltata;Verticale ed orizzontale;Sereno;Normale;Buona;Ore Diurne;0;0;0;2;12,48954;41,90612;-1;2;Autovettura privata;In marcia / fermata / arresto;Conducente;M;Illeso;0;;Non accertato;
3412357;1;27/07/2017 14:40;Strada Urbana;VIA DELLA NAVICELLA;in corrispondenza;;del civico n.;60;;Scontro laterale fra veicoli in marcia;Rettilineo;Due carreggiate;Asciutto;Asfaltata;Verticale ed orizzontale;Sereno;Normale;Buona;Ore Diurne;0;0;0;3;12,49766;41,88264;-1;1;Autovettura privata;In marcia / fermata / arresto;Conducente;M;Illeso;0;;Non accertato;Inesploso
3412357;1;27/07/2017 14:40;Strada Urbana;VIA DELLA NAVICELLA;in corrispondenza;;del civico n.;60;;Scontro laterale fra veicoli in marcia;Rettilineo;Due carreggiate;Asciutto;Asfaltata;Verticale ed orizzontale;Sereno;Normale;Buona;Ore Diurne;0;0;0;3;12,49766;41,88264;-1;1;Autovettura privata;In marcia / fermata / arresto;Passeggero;F;Illeso;0;;Non accertato;Inesploso
3412357;1;27/07/2017 14:40;Strada Urbana;VIA DELLA NAVICELLA;in corrispondenza;;del civico n.;60;;Scontro laterale fra veicoli in marcia;Rettilineo;Due carreggiate;Asciutto;Asfaltata;Verticale ed orizzontale;Sereno;Normale;Buona;Ore Diurne;0;0;0;3;12,49766;41,88264;-1;2;Autovettura privata;In marcia / fermata / arresto;Conducente;M;Illeso;0;;Non accertato;
3412366;12;29/07/2017 08:45;Strada Urbana;VIA ROMOLO GIGLIOZZI;in corrispondenza;;del civico n.;185;;Veicolo in marcia contro veicolo in sosta;Curva a visuale libera;Una carreggiata a doppio senso;Asciutto;Asfaltata;Orizzontale;Sereno;Scarso;Buona;Ore Diurne;1;0;0;0;12,43132;41,77755;-1;1;Autovettura privata;In marcia / fermata / arresto;Conducente;F;Rimandato;0;NON DECEDUTO;Non accertato;Inesploso
3412367;8;29/07/2017 07:10;Strada Urbana;VIA DI TOR BELLA MONACA;da specificare;;;;alt. palo acea 021 dir. GRA;Veicolo in marcia contro ostacolo fisso;Curva a visuale libera;Due carreggiate;Asciutto;Asfaltata;Orizzontale;Sereno;Normale;Buona;Ore Diurne;0;0;1;0;;;0;1;Autovettura privata;In marcia / fermata / arresto;Conducente;F;Deceduto sul posto;-1;;Non accertato;Inesploso
3412379;12;29/07/2017 10:45;Strada Urbana;VIA DELLE TRE FONTANE;all'intersezione con;PIAZZA SANTO DOMINGO;PIAZZA SANTO DOMINGO;;;Scontro frontale/laterale SX fra veicoli in marcia;Incrocio;Una carreggiata a doppio senso;Asciutto;Asfaltata;Verticale ed orizzontale;Sereno;Scarso;Buona;Ore Diurne;0;0;0;2;12,47341;41,83939;-1;1;Autovettura privata;In marcia / fermata / arresto;Conducente;F;Illeso;0;;Utilizzato;Inesploso
3412379;12;29/07/2017 10:45;Strada Urbana;VIA DELLE TRE FONTANE;all'intersezione con;PIAZZA SANTO DOMINGO;PIAZZA SANTO DOMINGO;;;Scontro frontale/laterale SX fra veicoli in marcia;Incrocio;Una carreggiata a doppio senso;Asciutto;Asfaltata;Verticale ed orizzontale;Sereno;Scarso;Buona;Ore Diurne;0;0;0;2;12,47341;41,83939;-1;2;Autovettura privata;In marcia / fermata / arresto;Conducente;M;Illeso;0;;Utilizzato;Inesploso
3412415;19;28/07/2017 19:15;Strada Urbana;VIA DI CASAL DEL MARMO;da specificare;;;;prossimità Via della Palmarola;Scontro laterale fra veicoli in marcia;Curva senza visuale libera;Una carreggiata a doppio senso;Asciutto;Asfaltata;Assente;Sereno;Normale;Buona;Ore Diurne;0;0;0;3;12,38899;41,94215;-1;1;Autovettura privata;In marcia / fermata / arresto;Conducente;M;Illeso;0;;;
3412415;19;28/07/2017 19:15;Strada Urbana;VIA DI CASAL DEL MARMO;da specificare;;;;prossimità Via della Palmarola;Scontro laterale fra veicoli in marcia;Curva senza visuale libera;Una carreggiata a doppio senso;Asciutto;Asfaltata;Assente;Sereno;Normale;Buona;Ore Diurne;0;0;0;3;12,38899;41,94215;-1;1;Autovettura privata;In marcia / fermata / arresto;Passeggero;F;Illeso;0;;;
3412415;19;28/07/2017 19:15;Strada Urbana;VIA DI CASAL DEL MARMO;da specificare;;;;prossimità Via della Palmarola;Scontro laterale fra veicoli in marcia;Curva senza visuale libera;Una carreggiata a doppio senso;Asciutto;Asfaltata;Assente;Sereno;Normale;Buona;Ore Diurne;0;0;0;3;12,38899;41,94215;-1;2;Autovettura privata;In marcia / fermata / arresto;Conducente;M;Illeso;0;;;
3412428;19;28/07/2017 10:40;Strada Urbana;VIA DI CASAL DEL MARMO;all'intersezione con;LARGO CODOGNO;LARGO CODOGNO;;;Scontro laterale fra veicoli in marcia;Incrocio;Una carreggiata a doppio senso;Asciutto;Asfaltata;Verticale ed orizzontale;Sereno;Normale;Buona;Ore Diurne;1;0;0;1;12,39261;41,94762;-1;1;Motociclo a solo;In marcia / fermata / arresto;Conducente;M;Rimandato;0;NON DECEDUTO;;
3412428;19;28/07/2017 10:40;Strada Urbana;VIA DI CASAL DEL MARMO;all'intersezione con;LARGO CODOGNO;LARGO CODOGNO;;;Scontro laterale fra veicoli in marcia;Incrocio;Una carreggiata a doppio senso;Asciutto;Asfaltata;Verticale ed orizzontale;Sereno;Normale;Buona;Ore Diurne;1;0;0;1;12,39261;41,94762;-1;2;Autovettura privata;In marcia / fermata / arresto;Conducente;M;Illeso;0;;;
3412433;19;28/07/2017 19:30;Strada Urbana;VIA DI CASAL DEL MARMO;in corrispondenza;;del civico n.;128;;Scontro frontale/laterale SX fra veicoli in marcia;Curva senza visuale libera;Una carreggiata a doppio senso;Asciutto;Asfaltata;Orizzontale;Sereno;Normale;Sufficiente;Ore Diurne;3;0;0;0;12,40581;41,9603;-1;1;Autovettura privata;In marcia / fermata / arresto;Conducente;M;Rimandato;0;NON DECEDUTO;;
3412433;19;28/07/2017 19:30;Strada Urbana;VIA DI CASAL DEL MARMO;in corrispondenza;;del civico n.;128;;Scontro frontale/laterale SX fra veicoli in marcia;Curva senza visuale libera;Una carreggiata a doppio senso;Asciutto;Asfaltata;Orizzontale;Sereno;Normale;Sufficiente;Ore Diurne;3;0;0;0;12,40581;41,9603;-1;1;Autovettura privata;In marcia / fermata / arresto;Passeggero;F;Rimandato;0;NON DECEDUTO;;
3412433;19;28/07/2017 19:30;Strada Urbana;VIA DI CASAL DEL MARMO;in corrispondenza;;del civico n.;128;;Scontro frontale/laterale SX fra veicoli in marcia;Curva senza visuale libera;Una carreggiata a doppio senso;Asciutto;Asfaltata;Orizzontale;Sereno;Normale;Sufficiente;Ore Diurne;3;0;0;0;12,40581;41,9603;-1;2;Autovettura privata;In marcia / fermata / arresto;Conducente;M;Rimandato;0;NON DECEDUTO;;
3412575;12;29/07/2017 13:20;Strada Urbana;VIA FRANCESCO SAPORI;in corrispondenza;;del civico n.;29;;Tamponamento;Rettilineo;Una carreggiata a senso unico di marcia;Asciutto;Asfaltata;Verticale ed orizzontale;Sereno;Normale;Buona;Ore Diurne;0;0;0;2;12,48454;41,81116;-1;1;Autovettura privata;In marcia / fermata / arresto;Conducente;F;Illeso;0;;Utilizzato;
3412575;12;29/07/2017 13:20;Strada Urbana;VIA FRANCESCO SAPORI;in corrispondenza;;del civico n.;29;;Tamponamento;Rettilineo;Una carreggiata a senso unico di marcia;Asciutto;Asfaltata;Verticale ed orizzontale;Sereno;Normale;Buona;Ore Diurne;0;0;0;2;12,48454;41,81116;-1;2;Autovettura privata;In marcia / fermata / arresto;Conducente;M;Illeso;0;;Utilizzato;Inesploso
3412643;12;27/07/2017 16:30;Strada Urbana;VIA CRISTOFORO COLOMBO;da specificare;;;;, laterale dir. Roma,prossimità di V.le America ;Veicolo in marcia contro ostacolo accidentale;Rettilineo;Più di due carreggiate;Asciutto;Asfaltata;Verticale ed orizzontale;Sereno;Normale;Buona;Ore Diurne;0;0;0;1;12,46858;41,82961;-1;1;Autobus urbano;In marcia / fermata / arresto;Conducente;M;Illeso;0;;Utilizzato;Inesploso
3412675;2;29/07/2017 16:30;Strada Urbana;VIALE SOMALIA;all'intersezione semaforizzata con;LARGO FORANO;LARGO FORANO;;;Tamponamento;Intersezione semaforizzata;Una carreggiata a doppio senso;Asciutto;Asfaltata;Verticale ed orizzontale;Sereno;Normale;Buona;Ore Diurne;0;0;0;2;12,51097;41,93525;-1;1;Autovettura privata;In marcia / fermata / arresto;Conducente;F;Illeso;0;;Non accertato;Inesploso
3412675;2;29/07/2017 16:30;Strada Urbana;VIALE SOMALIA;all'intersezione semaforizzata con;LARGO FORANO;LARGO FORANO;;;Tamponamento;Intersezione semaforizzata;Una carreggiata a doppio senso;Asciutto;Asfaltata;Verticale ed orizzontale;Sereno;Normale;Buona;Ore Diurne;0;0;0;2;12,51097;41,93525;-1;2;Motociclo a solo;In marcia / fermata / arresto;Conducente;M;Illeso;0;;Non accertato;
3413039;13;28/07/2017 20:30;Strada Urbana;VIALE DEI ROMAGNOLI;in corrispondenza;;del civico n.;717;;Tamponamento;Rettilineo;Una carreggiata a doppio senso;Asciutto;Asfaltata;Assente;Sereno;Intenso;Buona;Ore Diurne;0;0;0;3;12,29069;41,75484;-1;1;Autovettura privata;In marcia / fermata / arresto;Conducente;M;Illeso;0;;Non accertato;Inesploso
3413039;13;28/07/2017 20:30;Strada Urbana;VIALE DEI ROMAGNOLI;in corrispondenza;;del civico n.;717;;Tamponamento;Rettilineo;Una carreggiata a doppio senso;Asciutto;Asfaltata;Assente;Sereno;Intenso;Buona;Ore Diurne;0;0;0;3;12,29069;41,75484;-1;2;Autovettura privata;In marcia / fermata / arresto;Conducente;M;Illeso;0;;Non accertato;Inesploso
3413039;13;28/07/2017 20:30;Strada Urbana;VIALE DEI ROMAGNOLI;in corrispondenza;;del civico n.;717;;Tamponamento;Rettilineo;Una carreggiata a doppio senso;Asciutto;Asfaltata;Assente;Sereno;Intenso;Buona;Ore Diurne;0;0;0;3;12,29069;41,75484;-1;2;Autovettura privata;In marcia / fermata / arresto;Passeggero;F;Illeso;0;;Non accertato;Inesploso
3413067;13;29/07/2017 21:20;Strada Urbana;VIA DEI MONTI DI S. PAOLO;all'intersezione con;VIA GIOVANNI FRANZONI;VIA GIOVANNI FRANZONI;;;Scontro laterale fra veicoli in marcia;Intersezione stradale segnalata;Una carreggiata a doppio senso;Asciutto;Asfaltata;Verticale;Sereno;Scarso;Sufficiente;Sufficiente;0;0;0;2;12,35853;41,79107;-1;1;Autovettura privata;In marcia / fermata / arresto;Conducente;M;Illeso;0;;Non accertato;Inesploso
3413067;13;29/07/2017 21:20;Strada Urbana;VIA DEI MONTI DI S. PAOLO;all'intersezione con;VIA GIOVANNI FRANZONI;VIA GIOVANNI FRANZONI;;;Scontro laterale fra veicoli in marcia;Intersezione stradale segnalata;Una carreggiata a doppio senso;Asciutto;Asfaltata;Verticale;Sereno;Scarso;Sufficiente;Sufficiente;0;0;0;2;12,35853;41,79107;-1;2;Autobus di linea;In marcia / fermata / arresto;Conducente;M;Illeso;0;;Non accertato;Inesploso
3413073;2;28/07/2017 12:36;Strada Urbana;VIALE DEL MURO TORTO;da specificare;;;;pross. rampa da p.le Brasile dir. Flaminio;Scontro laterale fra veicoli in marcia;Pendenza;Due carreggiate;Asciutto;Asfaltata;Verticale ed orizzontale;Sereno;Normale;Buona;Ore Diurne;1;0;0;1;12,48728;41,90945;-1;1;Ciclomotore;In marcia / fermata / arresto;Conducente;M;Rimandato;0;NON DECEDUTO;Non accertato;
3413073;2;28/07/2017 12:36;Strada Urbana;VIALE DEL MURO TORTO;da specificare;;;;pross. rampa da p.le Brasile dir. Flaminio;Scontro laterale fra veicoli in marcia;Pendenza;Due carreggiate;Asciutto;Asfaltata;Verticale ed orizzontale;Sereno;Normale;Buona;Ore Diurne;1;0;0;1;12,48728;41,90945;-1;2;Autovettura privata;In marcia / fermata / arresto;Conducente;M;Illeso;0;;Non accertato;Inesploso
3413076;2;28/07/2017 15:40;Strada Urbana;CORSO D'ITALIA;da specificare;;;;altezza Via Lucania;Infortunio per caduta del veicolo;Rettilineo;Una carreggiata a senso unico di marcia;Asciutto;Asfaltata;Verticale ed orizzontale;Sereno;Normale;Buona;Ore Diurne;1;0;0;1;12,49713;41,91087;-1;1;Ciclomotore;In marcia / fermata / arresto;Conducente;M;Illeso;0;;Non accertato;
3413076;2;28/07/2017 15:40;Strada Urbana;CORSO D'ITALIA;da specificare;;;;altezza Via Lucania;Infortunio per caduta del veicolo;Rettilineo;Una carreggiata a senso unico di marcia;Asciutto;Asfaltata;Verticale ed orizzontale;Sereno;Normale;Buona;Ore Diurne;1;0;0;1;12,49713;41,91087;-1;1;Ciclomotore;In marcia / fermata / arresto;Passeggero;F;Rimandato;0;NON DECEDUTO;Non accertato;
3413078;2;29/07/2017 04:00;Strada Urbana;VIALE VENTUNO APRILE;all'intersezione con;LARGO VENTUNO APRILE;LARGO VENTUNO APRILE;;;Tamponamento;Intersezione semaforizzata;Una carreggiata a doppio senso;Asciutto;Asfaltata;Verticale ed orizzontale;Sereno;Scarso;Sufficiente;Sufficiente;0;0;0;2;12,52001;41,91765;-1;1;Motociclo con passeggero;In marcia / fermata / arresto;Conducente;F;Illeso;0;;Non accertato;Inesploso
3413078;2;29/07/2017 04:00;Strada Urbana;VIALE VENTUNO APRILE;all'intersezione con;LARGO VENTUNO APRILE;LARGO VENTUNO APRILE;;;Tamponamento;Intersezione semaforizzata;Una carreggiata a doppio senso;Asciutto;Asfaltata;Verticale ed orizzontale;Sereno;Scarso;Sufficiente;Sufficiente;0;0;0;2;12,52001;41,91765;-1;1;Motociclo con passeggero;In marcia / fermata / arresto;Passeggero;M;Illeso;0;;Non accertato;Inesploso
3413095;13;29/07/2017 14:30;Provinciale;VIA LITORANEA;in prossimità;;della chilometrica;5.3;;Fuoriuscita dalla sede stradale;Rettilineo;Una carreggiata a doppio senso;Asciutto;Asfaltata;Orizzontale;Sereno;Normale;Buona;Ore Diurne;0;0;0;1;12,37596;41,68613;-1;1;Autovettura privata;In marcia / fermata / arresto;Conducente;F;Illeso;0;;Non accertato;Inesploso
3413193;20;29/07/2017 13:45;Provinciale;VIA TIBERINA;in prossimità;;del civico n.;272;;Tamponamento Multiplo;Rettilineo;Una carreggiata a doppio senso;Asciutto;Asfaltata;Verticale ed orizzontale;Sereno;Normale;Buona;Ore Diurne;0;0;0;2;12,50358;42,01467;-1;1;Autovettura privata;In marcia / fermata / arresto;Conducente;M;Illeso;0;;Non accertato;Inesploso
3413193;20;29/07/2017 13:45;Provinciale;VIA TIBERINA;in prossimità;;del civico n.;272;;Tamponamento Multiplo;Rettilineo;Una carreggiata a doppio senso;Asciutto;Asfaltata;Verticale ed orizzontale;Sereno;Normale;Buona;Ore Diurne;0;0;0;2;12,50358;42,01467;-1;2;Autocarro inferiore 35 q.;In marcia / fermata / arresto;Conducente;M;Illeso;0;;Non accertato;Inesploso
3413220;20;29/07/2017 17:00;Strada Urbana;CORSO DI FRANCIA;all'intersezione con;VIA STEFANO JACINI;VIA STEFANO JACINI;;;Scontro frontale/laterale SX fra veicoli in marcia;Intersezione non regolata/non segnalata;Una carreggiata a senso unico di marcia;Asciutto;Asfaltata;Verticale ed orizzontale;Sereno;Scarso;Buona;Ore Diurne;0;0;0;4;12,46967;41,94821;-1;1;Autovettura privata;In marcia / fermata / arresto;Conducente;M;Illeso;0;;Non accertato;Inesploso