Protocollo;Gruppo;DataOraIncidente;Localizzazione1;STRADA1;Localizzazione2;STRADA2;Strada02;Chilometrica;DaSpecificare;NaturaIncidente;particolaritastrade;TipoStrada;FondoStradale;Pavimentazione;Segnaletica;CondizioneAtmosferica;Traffico;Visibilita;Illuminazione;NUM_FERITI;NUM_RISERVATA;NUM_MORTI;NUM_ILLESI;Longitudine;Latitudine;Confermato;Progressivo;TipoVeicolo;StatoVeicolo;TipoPersona;Sesso;Tipolesione;Deceduto;DecedutoDopo;CinturaCascoUtilizzato;Airbag
3413403;9;30/07/2017 15:30;Strada Urbana;VIA APPIA NUOVA;all'intersezione semaforizzata con;VIA FALERIA;VIA FALERIA;;;Scontro frontale fra veicoli in marcia;Incrocio;Due carreggiate;Asciutto;Asfaltata;Verticale ed orizzontale;Sereno;Normale;Buona;Ore Diurne;0;0;0;3;12,51151;41,88403;-1;1;Autovettura privata;In marcia / fermata / arresto;Conducente;F;Illeso;0;;Utilizzato;Inesploso
3413403;9;30/07/2017 15:30;Strada Urbana;VIA APPIA NUOVA;all'intersezione semaforizzata con;VIA FALERIA;VIA FALERIA;;;Scontro frontale fra veicoli in marcia;Incrocio;Due carreggiate;Asciutto;Asfaltata;Verticale ed orizzontale;Sereno;Normale;Buona;Ore Diurne;0;0;0;3;12,51151;41,88403;-1;1;Autovettura privata;In marcia / fermata / arresto;Passeggero;F;Illeso;0;;Utilizzato;Inesploso
3413403;9;30/07/2017 15:30;Strada Urbana;VIA APPIA NUOVA;all'intersezione semaforizzata con;VIA FALERIA;VIA FALERIA;;;Scontro frontale fra veicoli in marcia;Incrocio;Due carreggiate;Asciutto;Asfaltata;Verticale ed orizzontale;Sereno;Normale;Buona;Ore Diurne;0;0;0;3;12,51151;41,88403;-1;2;Motociclo a solo;In marcia / fermata / arresto;Conducente;M;Illeso;0;;Utilizzato;
3413600;12;28/07/2017 19:15;Provinciale entro l'abitato;VIA LAURENTINA;da specificare;;;;direz. Roma centro pross. Via di Tor Pagnotta;Scontro laterale fra veicoli in marcia;Curva senza visuale libera;Due carreggiate;Asciutto;Asfaltata;Temporanea di cantiere;Sereno;Normale;Buona;Ore Diurne;0;0;0;2;12,48248;41,80285;-1;1;Autovettura privata;In marcia / fermata / arresto;Conducente;M;Illeso;0;;Non accertato;Inesploso
3413600;12;28/07/2017 19:15;Provinciale entro l'abitato;VIA LAURENTINA;da specificare;;;;direz. Roma centro pross. Via di Tor Pagnotta;Scontro laterale fra veicoli in marcia;Curva senza visuale libera;Due carreggiate;Asciutto;Asfaltata;Temporanea di cantiere;Sereno;Normale;Buona;Ore Diurne;0;0;0;2;12,48248;41,80285;-1;2;Autovettura privata;In marcia / fermata / arresto;Conducente;M;Illeso;0;;Non accertato;Inesploso
3413601;6;28/07/2017 17:20;Strada Urbana;VIA TOR DE' SCHIAVI;in corrispondenza;;del civico n.;282;;Scontro frontale/laterale SX fra veicoli in marcia;Rettilineo;Una carreggiata a doppio senso;Asciutto;Asfaltata;Verticale ed orizzontale;Sereno;Normale;Buona;Ore Diurne;2;0;0;0;12,56139;41,88905;-1;1;Autovettura privata;In marcia / fermata / arresto;Conducente;F;Rifiuta cure immediate;0;NON DECEDUTO;;
3413601;6;28/07/2017 17:20;Strada Urbana;VIA TOR DE' SCHIAVI;in corrispondenza;;del civico n.;282;;Scontro frontale/laterale SX fra veicoli in marcia;Rettilineo;Una carreggiata a doppio senso;Asciutto;Asfaltata;Verticale ed orizzontale;Sereno;Normale;Buona;Ore Diurne;2;0;0;0;12,56139;41,88905;-1;2;Autovettura privata;In marcia / fermata / arresto;Conducente;F;Rifiuta cure immediate;0;NON DECEDUTO;;
3413612;7;29/07/2017 13:40;Strada Urbana;VIA DEI FAGGI;in corrispondenza;;del civico n.;14;;Veicolo in marcia contro veicoli in sosta;Rettilineo;Una carreggiata a doppio senso;Asciutto;Asfaltata;Verticale ed orizzontale;Sereno;Normale;Buona;Ore Diurne;1;0;0;0;12,56373;41,88422;-1;1;Autovettura privata;In marcia / fermata / arresto;Conducente;F;Rimandato;0;NON DECEDUTO;Non accertato;Inesploso
3413615;6;29/07/2017;Strada Urbana;VIA COLLATINA;in prossimità;;del civico n.;402;;Scontro laterale fra veicoli in marcia;Rettilineo;Una carreggiata a doppio senso;Asciutto;Asfaltata;Orizzontale;Sereno;Scarso;Sufficiente;Sufficiente;0;0;0;1;12,60583;41,90484;-1;1;Autovettura privata;In marcia / fermata / arresto;Conducente;M;Illeso;0;;;
3413621;8;30/07/2017 01:00;Strada Urbana;VIA QUINTILIO VARO;all'intersezione con;VIA SESTIO CALVINO;VIA SESTIO CALVINO;;;Scontro frontale/laterale DX fra veicoli in marcia;Incrocio;Una carreggiata a senso unico di marcia;Asciutto;Asfaltata;Verticale ed orizzontale;Sereno;Scarso;Sufficiente;Sufficiente;4;0;0;0;12,56508;41,85363;-1;1;Autovettura privata;In marcia / fermata / arresto;Conducente;M;Rimandato;0;NON DECEDUTO;Non accertato;Inesploso
3413621;8;30/07/2017 01:00;Strada Urbana;VIA QUINTILIO VARO;all'intersezione con;VIA SESTIO CALVINO;VIA SESTIO CALVINO;;;Scontro frontale/laterale DX fra veicoli in marcia;Incrocio;Una carreggiata a senso unico di marcia;Asciutto;Asfaltata;Verticale ed orizzontale;Sereno;Scarso;Sufficiente;Sufficiente;4;0;0;0;12,56508;41,85363;-1;1;Autovettura privata;In marcia / fermata / arresto;Passeggero;F;Rimandato;0;NON DECEDUTO;Non accertato;Inesploso
3413621;8;30/07/2017 01:00;Strada Urbana;VIA QUINTILIO VARO;all'intersezione con;VIA SESTIO CALVINO;VIA SESTIO CALVINO;;;Scontro frontale/laterale DX fra veicoli in marcia;Incrocio;Una carreggiata a senso unico di marcia;Asciutto;Asfaltata;Verticale ed orizzontale;Sereno;Scarso;Sufficiente;Sufficiente;4;0;0;0;12,56508;41,85363;-1;2;Autovettura privata;In marcia / fermata / arresto;Conducente;M;Rimandato;0;NON DECEDUTO;Non accertato;Inesistente
3413621;8;30/07/2017 01:00;Strada Urbana;VIA QUINTILIO VARO;all'intersezione con;VIA SESTIO CALVINO;VIA SESTIO CALVINO;;;Scontro frontale/laterale DX fra veicoli in marcia;Incrocio;Una carreggiata a senso unico di marcia;Asciutto;Asfaltata;Verticale ed orizzontale;Sereno;Scarso;Sufficiente;Sufficiente;4;0;0;0;12,56508;41,85363;-1;2;Autovettura privata;In marcia / fermata / arresto;Passeggero;F;Rimandato;0;NON DECEDUTO;Non accertato;Inesistente
3413623;8;30/07/2017 15:50;Statale entro l'abitato;VIA DI TOR BELLA MONACA;all'intersezione con;VIA CASILINA;VIA CASILINA;;;Scontro frontale/laterale DX fra veicoli in marcia;Intersezione stradale segnalata;Una carreggiata a senso unico di marcia;Asciutto;Asfaltata;Verticale;Sereno;Scarso;Buona;Ore Diurne;1;0;0;1;12,62375;41,87848;-1;1;Autovettura privata;In marcia / fermata / arresto;Conducente;M;Illeso;0;;Non accertato;Inesploso
3413623;8;30/07/2017 15:50;Statale entro l'abitato;VIA DI TOR BELLA MONACA;all'intersezione con;VIA CASILINA;VIA CASILINA;;;Scontro frontale/laterale DX fra veicoli in marcia;Intersezione stradale segnalata;Una carreggiata a senso unico di marcia;Asciutto;Asfaltata;Verticale;Sereno;Scarso;Buona;Ore Diurne;1;0;0;1;12,62375;41,87848;-1;2;Autovettura privata;In marcia / fermata / arresto;Conducente;M;Rimandato;0;NON DECEDUTO;Non accertato;Inesploso
3413624;7;30/07/2017 23:40;Strada Urbana;VIA CASILINA;da specificare;;;;"civ. 1674 interno parcheggio ""Ristowok""";Veicolo in marcia contro veicolo in sosta;Rettilineo;Una carreggiata a doppio senso;Asciutto;Asfaltata;Assente;Sereno;Scarso;Sufficiente;Sufficiente;0;0;0;2;12,62713;41,86324;-1;2;Autovettura privata;In marcia / fermata / arresto;Conducente;F;Illeso;0;;Non accertato;Inesploso
3413624;7;30/07/2017 23:40;Strada Urbana;VIA CASILINA;da specificare;;;;"civ. 1674 interno parcheggio ""Ristowok""";Veicolo in marcia contro veicolo in sosta;Rettilineo;Una carreggiata a doppio senso;Asciutto;Asfaltata;Assente;Sereno;Scarso;Sufficiente;Sufficiente;0;0;0;2;12,62713;41,86324;-1;2;Autovettura privata;In marcia / fermata / arresto;Passeggero Istruttore;M;Illeso;0;;Non accertato;Inesploso
3413625;18;28/07/2017 10:40;Statale entro l'abitato;VIA AURELIA;da specificare;;;;incrocio immissione da via Villa Troili;Scontro laterale fra veicoli in marcia;Rettilineo;Due carreggiate;Asciutto;Asfaltata;Verticale ed orizzontale;Sereno;Normale;Buona;Ore Diurne;0;0;0;5;12,40555;41,88836;-1;1;Autovettura privata;In marcia / fermata / arresto;Conducente;M;Illeso;0;;;
3413625;18;28/07/2017 10:40;Statale entro l'abitato;VIA AURELIA;da specificare;;;;incrocio immissione da via Villa Troili;Scontro laterale fra veicoli in marcia;Rettilineo;Due carreggiate;Asciutto;Asfaltata;Verticale ed orizzontale;Sereno;Normale;Buona;Ore Diurne;0;0;0;5;12,40555;41,88836;-1;1;Autovettura privata;In marcia / fermata / arresto;Passeggero;F;Illeso;0;;;
3413625;18;28/07/2017 10:40;Statale entro l'abitato;VIA AURELIA;da specificare;;;;incrocio immissione da via Villa Troili;Scontro laterale fra veicoli in marcia;Rettilineo;Due carreggiate;Asciutto;Asfaltata;Verticale ed orizzontale;Sereno;Normale;Buona;Ore Diurne;0;0;0;5;12,40555;41,88836;-1;2;Autovettura privata;In marcia / fermata / arresto;Conducente;M;Illeso;0;;;
3413625;18;28/07/2017 10:40;Statale entro l'abitato;VIA AURELIA;da specificare;;;;incrocio immissione da via Villa Troili;Scontro laterale fra veicoli in marcia;Rettilineo;Due carreggiate;Asciutto;Asfaltata;Verticale ed orizzontale;Sereno;Normale;Buona;Ore Diurne;0;0;0;5;12,40555;41,88836;-1;2;Autovettura privata;In marcia / fermata / arresto;Passeggero;F;Illeso;0;;;
3413625;18;28/07/2017 10:40;Statale entro l'abitato;VIA AURELIA;da specificare;;;;incrocio immissione da via Villa Troili;Scontro laterale fra veicoli in marcia;Rettilineo;Due carreggiate;Asciutto;Asfaltata;Verticale ed orizzontale;Sereno;Normale;Buona;Ore Diurne;0;0;0;5;12,40555;41,88836;-1;2;Autovettura privata;In marcia / fermata / arresto;Passeggero;M;Illeso;0;;;
3413628;18;28/07/2017 07:30;Strada Urbana;VIA MARZIO GINETTI;all'intersezione con;VIA FRANCESCO GIOVANNI COMMENDONE;VIA FRANCESCO GIOVANNI COMMENDONE;;;Investimento di pedone;Incrocio;Una carreggiata a doppio senso;Asciutto;Asfaltata;Verticale ed orizzontale;Sereno;Scarso;Buona;Ore Diurne;1;0;0;1;12,40552;41,91745;-1;;;;Pedone;M;Rimandato;0;NON DECEDUTO;;
3413628;18;28/07/2017 07:30;Strada Urbana;VIA MARZIO GINETTI;all'intersezione con;VIA FRANCESCO GIOVANNI COMMENDONE;VIA FRANCESCO GIOVANNI COMMENDONE;;;Investimento di pedone;Incrocio;Una carreggiata a doppio senso;Asciutto;Asfaltata;Verticale ed orizzontale;Sereno;Scarso;Buona;Ore Diurne;1;0;0;1;12,40552;41,91745;-1;1;Autovettura privata;In marcia / fermata / arresto;Conducente;M;Illeso;0;;Non accertato;Inesploso
3413629;9;29/07/2017 09:50;Strada Urbana;PIAZZA DI S. MARIA AUSILIATRICE;all'intersezione con;VIA UMBERTIDE;VIA UMBERTIDE;;;Scontro laterale fra veicoli in marcia;Incrocio;Due carreggiate;Asciutto;Asfaltata;Assente;Sereno;Scarso;Buona;Ore Diurne;0;0;0;4;12,53044;41,87381;-1;1;Autovettura privata;In marcia / fermata / arresto;Conducente;M;Illeso;0;;;
3413629;9;29/07/2017 09:50;Strada Urbana;PIAZZA DI S. MARIA AUSILIATRICE;all'intersezione con;VIA UMBERTIDE;VIA UMBERTIDE;;;Scontro laterale fra veicoli in marcia;Incrocio;Due carreggiate;Asciutto;Asfaltata;Assente;Sereno;Scarso;Buona;Ore Diurne;0;0;0;4;12,53044;41,87381;-1;1;Autovettura privata;In marcia / fermata / arresto;Passeggero;M;Illeso;0;;Non accertato;Inesploso
3413629;9;29/07/2017 09:50;Strada Urbana;PIAZZA DI S. MARIA AUSILIATRICE;all'intersezione con;VIA UMBERTIDE;VIA UMBERTIDE;;;Scontro laterale fra veicoli in marcia;Incrocio;Due carreggiate;Asciutto;Asfaltata;Assente;Sereno;Scarso;Buona;Ore Diurne;0;0;0;4;12,53044;41,87381;-1;1;Autovettura privata;In marcia / fermata / arresto;Passeggero;F;Illeso;0;;Non accertato;
3413629;9;29/07/2017 09:50;Strada Urbana;PIAZZA DI S. MARIA AUSILIATRICE;all'intersezione con;VIA UMBERTIDE;VIA UMBERTIDE;;;Scontro laterale fra veicoli in marcia;Incrocio;Due carreggiate;Asciutto;Asfaltata;Assente;Sereno;Scarso;Buona;Ore Diurne;0;0;0;4;12,53044;41,87381;-1;2;Autovettura privata;In marcia / fermata / arresto;Conducente;M;Illeso;0;;Non accertato;Inesploso
3413631;8;29/07/2017 21:00;Strada Urbana;PIAZZA LORENZO NOTTOLINI;da specificare;;;;alt. Via G. Colonnetti;Scontro laterale fra veicoli in marcia;Rettilineo;Due carreggiate;Asciutto;Asfaltata;Verticale;Sereno;Scarso;Insufficiente;Insufficiente;0;0;0;3;12,65204;41,91231;-1;1;Autovettura privata;In marcia / fermata / arresto;Conducente;M;Illeso;0;;Non accertato;Inesploso
3413631;8;29/07/2017 21:00;Strada Urbana;PIAZZA LORENZO NOTTOLINI;da specificare;;;;alt. Via G. Colonnetti;Scontro laterale fra veicoli in marcia;Rettilineo;Due carreggiate;Asciutto;Asfaltata;Verticale;Sereno;Scarso;Insufficiente;Insufficiente;0;0;0;3;12,65204;41,91231;-1;2;Autovettura privata;In marcia / fermata / arresto;Conducente;F;Illeso;0;;Non accertato;Inesploso
3413631;8;29/07/2017 21:00;Strada Urbana;PIAZZA LORENZO NOTTOLINI;da specificare;;;;alt. Via G. Colonnetti;Scontro laterale fra veicoli in marcia;Rettilineo;Due carreggiate;Asciutto;Asfaltata;Verticale;Sereno;Scarso;Insufficiente;Insufficiente;0;0;0;3;12,65204;41,91231;-1;2;Autovettura privata;In marcia / fermata / arresto;Passeggero;M;Illeso;0;;Non accertato;Inesploso
3413632;8;29/07/2017 08:40;Strada Urbana;VIALE DEI ROMANISTI;all'intersezione semaforizzata con;VIA RUGANTINO;VIA RUGANTINO;;;Veicolo in marcia contro ostacolo accidentale;Incrocio;Una carreggiata a doppio senso;Asciutto;Asfaltata;Verticale ed orizzontale;Sereno;Scarso;Buona;Ore Diurne;0;0;0;3;12,5774;41,86752;-1;1;Autovettura privata;In marcia / fermata / arresto;Conducente;M;Illeso;0;;Non accertato;Inesploso
3413632;8;29/07/2017 08:40;Strada Urbana;VIALE DEI ROMANISTI;all'intersezione semaforizzata con;VIA RUGANTINO;VIA RUGANTINO;;;Veicolo in marcia contro ostacolo accidentale;Incrocio;Una carreggiata a doppio senso;Asciutto;Asfaltata;Verticale ed orizzontale;Sereno;Scarso;Buona;Ore Diurne;0;0;0;3;12,5774;41,86752;-1;1;Autovettura privata;In marcia / fermata / arresto;Passeggero;F;Illeso;0;;Non accertato;Inesploso
3413632;8;29/07/2017 08:40;Strada Urbana;VIALE DEI ROMANISTI;all'intersezione semaforizzata con;VIA RUGANTINO;VIA RUGANTINO;;;Veicolo in marcia contro ostacolo accidentale;Incrocio;Una carreggiata a doppio senso;Asciutto;Asfaltata;Verticale ed orizzontale;Sereno;Scarso;Buona;Ore Diurne;0;0;0;3;12,5774;41,86752;-1;1;Autovettura privata;In marcia / fermata / arresto;Passeggero;F;Illeso;0;;Non accertato;Inesploso
3413635;5;28/07/2017 11:50;Strada Urbana;VIA GIUSEPPE ANTONIO ANDRIULLI;da specificare;;;;svincolo inversione di marcia direz. Serenissima;Tamponamento;Rettilineo;Una carreggiata a senso unico di marcia;Asciutto;Asfaltata;Verticale ed orizzontale;Sereno;Normale;Buona;Ore Diurne;0;0;0;3;12,55714;41,9019;-1;1;Autovettura privata;In marcia / fermata / arresto;Conducente;M;Illeso;0;;Non accertato;Esploso
3413635;5;28/07/2017 11:50;Strada Urbana;VIA GIUSEPPE ANTONIO ANDRIULLI;da specificare;;;;svincolo inversione di marcia direz. Serenissima;Tamponamento;Rettilineo;Una carreggiata a senso unico di marcia;Asciutto;Asfaltata;Verticale ed orizzontale;Sereno;Normale;Buona;Ore Diurne;0;0;0;3;12,55714;41,9019;-1;2;Autocarro inferiore 35 q.;In marcia / fermata / arresto;Conducente;M;Illeso;0;;Non accertato;Inesploso
3413635;5;28/07/2017 11:50;Strada Urbana;VIA GIUSEPPE ANTONIO ANDRIULLI;da specificare;;;;svincolo inversione di marcia direz. Serenissima;Tamponamento;Rettilineo;Una carreggiata a senso unico di marcia;Asciutto;Asfaltata;Verticale ed orizzontale;Sereno;Normale;Buona;Ore Diurne;0;0;0;3;12,55714;41,9019;-1;2;Autocarro inferiore 35 q.;In marcia / fermata / arresto;Passeggero;M;Illeso;0;;Non accertato;Inesploso
3413636;7;30/07/2017 16:15;Strada Urbana;VIA DEI CICLAMINI;all'intersezione con;VIA FILIPPO ARENA;VIA FILIPPO ARENA;;;Scontro frontale/laterale DX fra veicoli in marcia;Incrocio;Una carreggiata a doppio senso;Asciutto;Asfaltata;Verticale ed orizzontale;Sereno;Scarso;Buona;Ore Diurne;0;0;0;3;12,56629;41,89145;-1;1;Autovettura privata;In marcia / fermata / arresto;Conducente;M;Illeso;0;;Non accertato;Inesploso
3413636;7;30/07/2017 16:15;Strada Urbana;VIA DEI CICLAMINI;all'intersezione con;VIA FILIPPO ARENA;VIA FILIPPO ARENA;;;Scontro frontale/laterale DX fra veicoli in marcia;Incrocio;Una carreggiata a doppio senso;Asciutto;Asfaltata;Verticale ed orizzontale;Sereno;Scarso;Buona;Ore Diurne;0;0;0;3;12,56629;41,89145;-1;2;Autovettura privata;In marcia / fermata / arresto;Conducente;M;Illeso;0;;Non accertato;Inesploso
3413636;7;30/07/2017 16:15;Strada Urbana;VIA DEI CICLAMINI;all'intersezione con;VIA FILIPPO ARENA;VIA FILIPPO ARENA;;;Scontro frontale/laterale DX fra veicoli in marcia;Incrocio;Una carreggiata a doppio senso;Asciutto;Asfaltata;Verticale ed orizzontale;Sereno;Scarso;Buona;Ore Diurne;0;0;0;3;12,56629;41,89145;-1;2;Autovettura privata;In marcia / fermata / arresto;Passeggero;F;Illeso;0;;Non accertato;Inesploso
3413639;5;28/07/2017 12:05;Strada Urbana;VIA MONTENERO SABINO;in corrispondenza;;del civico n.;30;;Scontro frontale/laterale DX fra veicoli in marcia;Rettilineo;Una carreggiata a doppio senso;Asciutto;Asfaltata;Verticale ed orizzontale;Sereno;Normale;Buona;Ore Diurne;0;0;0;2;12,62518;41,93713;-1;1;Autovettura privata;In marcia / fermata / arresto;Conducente;M;Illeso;0;;Non accertato;Inesploso
3413639;5;28/07/2017 12:05;Strada Urbana;VIA MONTENERO SABINO;in corrispondenza;;del civico n.;30;;Scontro frontale/laterale DX fra veicoli in marcia;Rettilineo;Una carreggiata a doppio senso;Asciutto;Asfaltata;Verticale ed orizzontale;Sereno;Normale;Buona;Ore Diurne;0;0;0;2;12,62518;41,93713;-1;2;Autovettura privata;In marcia / fermata / arresto;Conducente;F;Illeso;0;;Non accertato;Inesploso
3413647;5;28/07/2017 13:45;Strada Urbana;VIA MORROVALLE;da specificare;;;;prossimità via Montegiorgio;Scontro laterale fra veicoli in marcia;Rettilineo;Una carreggiata a senso unico di marcia;Asciutto;Asfaltata;Verticale ed orizzontale;Sereno;Normale;Buona;Ore Diurne;0;0;0;3;12,58724;41,94088;-1;1;Autovettura di polizia;In marcia / fermata / arresto;Conducente;M;Illeso;0;;Non accertato;Inesploso
3413647;5;28/07/2017 13:45;Strada Urbana;VIA MORROVALLE;da specificare;;;;prossimità via Montegiorgio;Scontro laterale fra veicoli in marcia;Rettilineo;Una carreggiata a senso unico di marcia;Asciutto;Asfaltata;Verticale ed orizzontale;Sereno;Normale;Buona;Ore Diurne;0;0;0;3;12,58724;41,94088;-1;1;Autovettura di polizia;In marcia / fermata / arresto;Passeggero;M;Illeso;0;;Non accertato;Inesploso
3413647;5;28/07/2017 13:45;Strada Urbana;VIA MORROVALLE;da specificare;;;;prossimità via Montegiorgio;Scontro laterale fra veicoli in marcia;Rettilineo;Una carreggiata a senso unico di marcia;Asciutto;Asfaltata;Verticale ed orizzontale;Sereno;Normale;Buona;Ore Diurne;0;0;0;3;12,58724;41,94088;-1;2;Motociclo con passeggero;In marcia / fermata / arresto;Conducente;M;Illeso;0;;Non accertato;
3413649;6;29/07/2017 23:45;Strada Urbana;VIA APPIA PIGNATELLI;all'intersezione semaforizzata con;VIA ANNIA REGILLA;VIA ANNIA REGILLA;;;Scontro frontale/laterale SX fra veicoli in marcia;Intersezione semaforizzata;Una carreggiata a doppio senso;Asciutto;Asfaltata;Verticale ed orizzontale;Sereno;Scarso;Sufficiente;Sufficiente;2;0;0;2;12,54573;41,83951;-1;1;Autovettura privata;In marcia / fermata / arresto;Conducente;F;Illeso;0;;Non accertato;Inesploso
3413649;6;29/07/2017 23:45;Strada Urbana;VIA APPIA PIGNATELLI;all'intersezione semaforizzata con;VIA ANNIA REGILLA;VIA ANNIA REGILLA;;;Scontro frontale/laterale SX fra veicoli in marcia;Intersezione semaforizzata;Una carreggiata a doppio senso;Asciutto;Asfaltata;Verticale ed orizzontale;Sereno;Scarso;Sufficiente;Sufficiente;2;0;0;2;12,54573;41,83951;-1;1;Autovettura privata;In marcia / fermata / arresto;Passeggero;F;Illeso;0;;Non accertato;Inesploso
3413649;6;29/07/2017 23:45;Strada Urbana;VIA APPIA PIGNATELLI;all'intersezione semaforizzata con;VIA ANNIA REGILLA;VIA ANNIA REGILLA;;;Scontro frontale/laterale SX fra veicoli in marcia;Intersezione semaforizzata;Una carreggiata a doppio senso;Asciutto;Asfaltata;Verticale ed orizzontale;Sereno;Scarso;Sufficiente;Sufficiente;2;0;0;2;12,54573;41,83951;-1;2;Autovettura privata;In marcia / fermata / arresto;Conducente;M;Rimandato;0;NON DECEDUTO;Non accertato;Inesploso
3413649;6;29/07/2017 23:45;Strada Urbana;VIA APPIA PIGNATELLI;all'intersezione semaforizzata con;VIA ANNIA REGILLA;VIA ANNIA REGILLA;;;Scontro frontale/laterale SX fra veicoli in marcia;Intersezione semaforizzata;Una carreggiata a doppio senso;Asciutto;Asfaltata;Verticale ed orizzontale;Sereno;Scarso;Sufficiente;Sufficiente;2;0;0;2;12,54573;41,83951;-1;2;Autovettura privata;In marcia / fermata / arresto;Passeggero;F;Rimandato;0;NON DECEDUTO;Non accertato;Inesploso
3413650;13;30/07/2017 17:40;Strada Urbana;VIA DI DRAGONE;all'intersezione con;VIA PROSPERO INTORCETTA;VIA PROSPERO INTORCETTA;;;Scontro frontale/laterale DX fra veicoli in marcia;Incrocio;Una carreggiata a doppio senso;Asciutto;Asfaltata;Verticale;Sereno;Normale;Buona;Ore Diurne;0;0;0;5;12,33258;41,78343;-1;1;Autocarro inferiore 35 q.;In marcia / fermata / arresto;Conducente;M;Illeso;0;;Non accertato;Inesploso
3413650;13;30/07/2017 17:40;Strada Urbana;VIA DI DRAGONE;all'intersezione con;VIA PROSPERO INTORCETTA;VIA PROSPERO INTORCETTA;;;Scontro frontale/laterale DX fra veicoli in marcia;Incrocio;Una carreggiata a doppio senso;Asciutto;Asfaltata;Verticale;Sereno;Normale;Buona;Ore Diurne;0;0;0;5;12,33258;41,78343;-1;1;Autocarro inferiore 35 q.;In marcia / fermata / arresto;Passeggero;F;Illeso;0;;Non accertato;Inesploso
3413650;13;30/07/2017 17:40;Strada Urbana;VIA DI DRAGONE;all'intersezione con;VIA PROSPERO INTORCETTA;VIA PROSPERO INTORCETTA;;;Scontro frontale/laterale DX fra veicoli in marcia;Incrocio;Una carreggiata a doppio senso;Asciutto;Asfaltata;Verticale;Sereno;Normale;Buona;Ore Diurne;0;0;0;5;12,33258;41,78343;-1;1;Autocarro inferiore 35 q.;In marcia / fermata / arresto;Passeggero;F;Illeso;0;;Non accertato;Inesploso
3413650;13;30/07/2017 17:40;Strada Urbana;VIA DI DRAGONE;all'intersezione con;VIA PROSPERO INTORCETTA;VIA PROSPERO INTORCETTA;;;Scontro frontale/laterale DX fra veicoli in marcia;Incrocio;Una carreggiata a doppio senso;Asciutto;Asfaltata;Verticale;Sereno;Normale;Buona;Ore Diurne;0;0;0;5;12,33258;41,78343;-1;2;Autovettura privata;In marcia / fermata / arresto;Conducente;M;Illeso;0;;Non accertato;Inesploso
3413650;13;30/07/2017 17:40;Strada Urbana;VIA DI DRAGONE;all'intersezione con;VIA PROSPERO INTORCETTA;VIA PROSPERO INTORCETTA;;;Scontro frontale/laterale DX fra veicoli in marcia;Incrocio;Una carreggiata a doppio senso;Asciutto;Asfaltata;Verticale;Sereno;Normale;Buona;Ore Diurne;0;0;0;5;12,33258;41,78343;-1;2;Autovettura privata;In marcia / fermata / arresto;Passeggero;M;Illeso;0;;Non accertato;Inesploso
3413652;11;29/07/2017 14:46;Strada Urbana;VIA DI GROTTA PERFETTA;all'intersezione con;VIALE MOLIERE;VIALE MOLIERE;;;Scontro frontale/laterale SX fra veicoli in marcia;Intersezione non regolata/non segnalata;Una carreggiata a doppio senso;Asciutto;Asfaltata;Verticale ed orizzontale;Sereno;Scarso;Buona;Ore Diurne;1;0;0;1;12,50456;41,83986;-1;1;Autovettura privata;In marcia / fermata / arresto;Conducente;M;Illeso;0;;;
3413652;11;29/07/2017 14:46;Strada Urbana;VIA DI GROTTA PERFETTA;all'intersezione con;VIALE MOLIERE;VIALE MOLIERE;;;Scontro frontale/laterale SX fra veicoli in marcia;Intersezione non regolata/non segnalata;Una carreggiata a doppio senso;Asciutto;Asfaltata;Verticale ed orizzontale;Sereno;Scarso;Buona;Ore Diurne;1;0;0;1;12,50456;41,83986;-1;2;Motociclo a solo;In marcia / fermata / arresto;Conducente;M;Rimandato;0;NON DECEDUTO;;
3413661;11;29/07/2017 15:00;Strada Urbana;VIA DUCCIO DI BUONINSEGNA;in prossimità;;del civico n.;41;;Tamponamento;Rettilineo;Una carreggiata a doppio senso;Asciutto;Asfaltata;Orizzontale;Sereno;Scarso;Buona;Ore Diurne;0;0;0;3;12,48946;41,82986;-1;1;Autovettura privata;In marcia / fermata / arresto;Conducente;F;Illeso;0;;Non accertato;Inesploso
3413661;11;29/07/2017 15:00;Strada Urbana;VIA DUCCIO DI BUONINSEGNA;in prossimità;;del civico n.;41;;Tamponamento;Rettilineo;Una carreggiata a doppio senso;Asciutto;Asfaltata;Orizzontale;Sereno;Scarso;Buona;Ore Diurne;0;0;0;3;12,48946;41,82986;-1;1;Autovettura privata;In marcia / fermata / arresto;Passeggero;M;Illeso;0;;Utilizzato;Inesploso
3413661;11;29/07/2017 15:00;Strada Urbana;VIA DUCCIO DI BUONINSEGNA;in prossimità;;del civico n.;41;;Tamponamento;Rettilineo;Una carreggiata a doppio senso;Asciutto;Asfaltata;Orizzontale;Sereno;Scarso;Buona;Ore Diurne;0;0;0;3;12,48946;41,82986;-1;2;Autovettura privata;In marcia / fermata / arresto;Conducente;M;Illeso;0;;Non accertato;Inesploso
3413662;18;27/07/2017 14:15;Strada Urbana;VIA DI CASAL DEL MARMO;in corrispondenza;;del civico n.;603;;Scontro laterale fra veicoli in marcia;Rettilineo;Due carreggiate;Asciutto;Asfaltata;Orizzontale;Sereno;Scarso;Buona;Ore Diurne;0;0;0;1;12,38403;41,93612;-1;1;Autovettura privata;In marcia / fermata / arresto;Conducente;M;Illeso;0;;;